code,VL,VH,angle_min,angle_max,angle_range,total_mut
7e9o_2P,0,7,-34.127017,-52.60412,18.477103,7
7we7_1P,8,12,-43.441376,-55.621731,12.180354999999999,20
7wue_1PH,5,12,-32.597212,-44.049434,11.452221999999999,17
7s6k_0P,7,4,-31.450556,-42.722674,11.272117999999999,11
7tet_1P,4,9,-46.453618,-57.054465,10.600847000000002,13
6xcm_0P,2,0,-42.902509,-53.307514,10.405004999999996,2
6wps_0P,7,6,-43.803666,-53.912252,10.108586000000003,13
7lde_0P,5,6,-50.123607,-60.16949,10.045883000000003,11
7sn3_2P,3,2,-45.512328,-54.8851,9.372772000000005,5
4r4n_6P,8,16,-48.293313,-57.582265,9.288952000000002,24
7ld1_2P,5,16,-54.98884,-63.810846,8.822005999999995,21
7k8t_0P,1,1,-37.839835,-46.573516,8.733680999999997,2
7mlz_0P,2,0,-40.441352,-49.021893,8.580540999999997,2
7uaq_0P,6,12,-34.505503,-43.02231,8.516807,18
7k8v_1P,4,2,-37.175543,-45.649794,8.474251000000002,6
7cws_3P,14,21,-41.313587,-49.654526,8.340938999999999,35
6ea5_1PH,7,5,-46.853495,-54.943057,8.089562,12
6u0l_0P,6,21,-40.7949,-48.760096,7.965195999999999,27
7lcn_1P,1,2,-40.733812,-48.466044,7.732231999999996,3
3ztj_0PH,7,4,-42.819607,-50.527899,7.708292,11
3skj_0P,7,9,-47.876705,-55.510213,7.633507999999999,16
7ld1_2P,6,16,-40.538296,-48.115382,7.577085999999994,22
6mtj_1PH,37,10,-37.643801,-44.29565,6.651848999999999,47
6b0n_1PH,31,26,-46.902442,-53.450927,6.5484849999999994,57
4f15_0P,21,24,-42.830579,-49.249679,6.4191,45
7li9_0P,6,7,-41.00887,-47.289731,6.280861000000002,13
7fgl_0P,1,6,-36.401121,-42.587266,6.186144999999996,7
6a77_0P,4,5,-49.723798,-55.754067,6.030268999999997,9
7c2t_1P,11,4,-44.462235,-50.386467,5.9242320000000035,15
5x8l_2P,13,13,-45.227353,-51.032698,5.805345000000003,26
5thr_1P,5,22,-44.556297,-50.3393,5.783003000000001,27
2or9_0P,6,9,-43.278083,-48.941388,5.663305000000001,15
4rrp_0P,10,18,-42.970554,-48.632152,5.661597999999998,28
7kde_1PH,27,25,-41.355472,-46.979894,5.624422000000003,52
6vy4_0P,9,19,-41.071738,-46.515842,5.444103999999996,28
1gc1_0P,7,22,-42.893239,-48.274601,5.381361999999996,29
6mwn_1N,14,15,-44.963701,-50.33197,5.368268999999998,29
6k7o_2P,11,14,-36.091521,-41.441533,5.3500119999999995,25
6cbv_0P,11,17,-42.769537,-48.07592,5.306383000000004,28
7we9_0P,6,13,-43.412646,-48.646443,5.233796999999996,19
7kxj_2P,11,16,-41.644074,-46.854681,5.210606999999996,27
4zfg_0P,12,15,-35.812005,-40.934225,5.122219999999999,27
5t3x_0PH,34,21,-41.795474,-46.913261,5.117787,55
6b0n_1PH,30,26,-47.538582,-52.656002,5.117420000000003,56
7lex_1P,4,1,-41.682318,-46.78318,5.100861999999999,5
8cwv_1P,2,2,-44.802184,-49.828277,5.026093000000003,4
7cwt_1P,19,11,-42.755589,-47.77715,5.021560999999998,30
2jix_3P,2,5,-48.713107,-53.718679,5.005572000000001,7
5thr_1P,6,22,-37.523258,-42.518788,4.995530000000002,28
4kxz_2PH,6,11,-42.233522,-47.159355,4.925832999999997,17
6zdg_2P,1,3,-46.748355,-51.665771,4.917416000000003,4
5t3s_0PH,35,23,-38.03434,-42.933772,4.899431999999997,58
7mxp_0PH,7,2,-48.199095,-53.014121,4.815026000000003,9
6y90_0P,4,8,-47.699954,-52.472339,4.772385,12
7rbv_1P,0,1,-49.373472,-54.096772,4.723300000000002,1
6vca_0P,2,2,-42.939296,-47.632379,4.6930830000000014,4
7rdw_2P,8,5,-41.924587,-46.598366,4.673778999999996,13
3lqa_0P,8,11,-44.268007,-48.925713,4.657706000000005,19
7sbd_0P,1,4,-41.790863,-46.403186,4.612322999999996,5
1i8m_0N,2,7,-43.628226,-48.14515,4.516924000000003,9
7l06_1H,15,31,-42.93141,-47.437454,4.506044000000003,46
7q9f_1PH,6,10,-27.525721,-32.006515,4.4807939999999995,16
7zlk_0H,8,23,-49.01498,-53.483659,4.468679000000002,31
5hys_1P,13,21,-46.658636,-51.077699,4.419063000000001,34
7cth_1P,11,4,-44.510853,-48.909116,4.398263,15
6dcq_0PH,15,26,-46.158484,-50.536963,4.378478999999999,41
5ggr_1P,1,9,-43.349692,-47.676692,4.327000000000005,10
7x6a_0P,12,15,-42.799988,-47.110796,4.3108080000000015,27
5t3s_0PH,34,23,-38.523749,-42.797261,4.273511999999997,57
5w08_4PH,12,13,-43.187877,-47.423484,4.235607000000002,25
7tht_0P,2,3,-42.902451,-47.11341,4.210959000000003,5
7c81_0P,7,9,-44.230205,-48.426418,4.196213,16
7ora_2P,3,2,-37.638059,-41.80113,4.163071000000002,5
6ni2_1P,11,16,-47.847361,-52.000381,4.153019999999998,27
5kzc_0P,28,40,-41.791244,-45.940727,4.149483000000004,68
6vbp_0P,7,18,-51.552124,-55.645501,4.093377000000004,25
8dzh_0P,1,1,-49.793088,-53.862093,4.069005000000004,2
2ny7_0PH,21,20,-49.393806,-53.403346,4.009540000000001,41
6pci_5P,8,15,-44.299954,-48.291611,3.9916570000000036,23
4plk_2P,5,5,-44.583378,-48.546157,3.9627789999999976,10
7tee_1P,2,6,-43.987187,-47.929553,3.942366,8
4xbe_0P,12,17,-42.984821,-46.904319,3.9194980000000044,29
3ria_4P,4,9,-49.714707,-53.524524,3.8098170000000025,13
7kbb_1P,8,11,-47.203362,-51.007925,3.8045630000000017,19
7faf_0P,2,2,-46.441823,-50.233051,3.791228000000004,4
7web_1P,8,10,-37.090428,-40.878363,3.7879349999999974,18
7v23_0P,7,6,-42.307264,-46.088702,3.7814379999999943,13
7ru3_1PH,2,5,-31.881164,-35.652841,3.771677000000004,7
7cwm_2P,1,1,-44.865031,-48.586085,3.721053999999995,2
7a5r_0P,3,9,-39.202885,-42.893333,3.6904479999999964,12
7m6g_0P,5,5,-44.98812,-48.636643,3.6485229999999973,10
7np1_2P,6,3,-45.746909,-49.365444,3.6185349999999943,9
6p9h_1P,11,18,-46.160085,-49.771279,3.6111939999999976,29
6b5n_0P,4,7,-45.210256,-48.787941,3.5776849999999953,11
4zfo_0P,12,4,-43.987362,-47.552519,3.5651569999999992,16
4u6g_0P,22,28,-41.314127,-44.869589,3.5554619999999986,50
5fyk_2P,28,41,-41.63073,-45.17877,3.5480400000000003,69
7ej4_1P,2,6,-45.842012,-49.365018,3.5230060000000023,8
7tjq_3P,4,8,-43.60192,-47.090963,3.4890430000000023,12
6wtu_1P,13,12,-41.78907,-45.271041,3.4819709999999944,25
6bit_1P,2,4,-46.888134,-50.312865,3.4247310000000013,6
6mhg_10P,5,10,-44.52247,-47.938083,3.4156130000000005,15
4xwg_0P,7,3,-41.961739,-45.376789,3.415050000000001,10
7tbf_1P,6,3,-47.31218,-50.710036,3.3978560000000044,9
4ywg_1P,15,18,-46.272607,-49.662718,3.3901109999999974,33
6oz2_0PH,29,37,-51.115028,-54.496665,3.381636999999998,66
7sue_3P,4,2,-43.6867,-47.060727,3.374026999999998,6
6oao_5P,8,8,-41.376438,-44.735442,3.3590039999999988,16
4xp4_0P,3,6,-46.144701,-49.499682,3.354981000000002,9
5w23_1P,8,7,-45.530618,-48.88501,3.3543920000000043,15
7mpg_0P,10,9,-44.203672,-47.55248,3.3488080000000053,19
6x87_1P,3,10,-40.727629,-44.064304,3.3366749999999996,13
5xj3_2P,2,5,-43.688832,-47.016203,3.3273709999999994,7
5g64_1P,15,21,-52.396246,-55.709015,3.312769000000003,36
5umi_1P,14,15,-46.239938,-49.538164,3.2982259999999997,29
7x7u_0P,8,16,-50.005019,-53.300049,3.295030000000004,24
6h06_0P,10,17,-33.490381,-36.769199,3.278818000000001,27
4f37_0P,7,5,-41.530935,-44.796961,3.2660260000000036,12
7wp1_0P,0,6,-46.360654,-49.623161,3.2625070000000065,6
7x7v_1P,1,9,-47.050364,-50.294553,3.2441889999999987,10
5bk3_3H,10,12,-50.977908,-54.212533,3.234625000000001,22
7tca_1P,4,2,-39.225045,-42.457273,3.232227999999999,6
6niu_3P,11,10,-33.152188,-36.344565,3.1923770000000005,21
7yeg_1P,0,1,-43.848089,-46.998017,3.1499279999999956,1
6wj1_0PH,14,12,-47.322823,-50.459958,3.1371350000000007,26
7uar_0P,9,11,-51.69274,-54.829538,3.136797999999999,20
3hr5_1P,20,13,-42.462093,-45.590031,3.1279380000000003,33
7chf_1P,0,9,-44.741806,-47.860965,3.1191590000000033,9
4q9r_0N,8,16,-43.220505,-46.325579,3.105073999999995,24
5mu0_0P,8,8,-46.397652,-49.497661,3.100009,16
7x7o_2P,1,3,-38.555376,-41.655043,3.0996669999999966,4
7so7_1P,10,8,-41.857626,-44.943761,3.0861349999999987,18
7e8f_1P,1,9,-43.467126,-46.532642,3.0655160000000024,10
7si0_1P,13,23,-49.133999,-52.186964,3.0529650000000004,36
4xrc_0P,9,4,-42.331978,-45.381592,3.0496139999999983,13
1v7n_1P,6,7,-46.441301,-49.460468,3.019166999999996,13
1q1j_0P,6,8,-55.566597,-58.576729,3.0101319999999987,14
7zfa_0P,12,12,-46.816642,-49.798163,2.9815210000000008,24
5cus_3P,6,9,-39.667293,-42.635321,2.968027999999997,15
6cxl_1H,16,31,-42.721114,-45.676294,2.9551799999999986,47
7l56_0PH,4,2,-44.593224,-47.523092,2.929867999999999,6
4np4_0P,1,5,-43.089919,-46.016645,2.926725999999995,6
6w4s_0P,5,3,-45.154383,-48.062719,2.9083359999999985,8
4mxw_0P,11,23,-47.436946,-50.331347,2.894401000000002,34
1dbm_0H,7,8,-45.325386,-48.206188,2.8808019999999956,15
7ukp_0P,5,3,-46.928593,-49.786939,2.8583459999999974,8
7m6i_1P,5,6,-47.677888,-50.531048,2.8531599999999955,11
5vyf_1P,4,5,-41.536459,-44.35773,2.821270999999996,9
6mei_0PH,8,10,-39.128127,-41.942922,2.8147950000000037,18
6uye_2PH,9,9,-43.87263,-46.680595,2.807964999999996,18
7k9h_0P,2,3,-45.706376,-48.49716,2.790784000000002,5
7vag_0P,4,5,-43.685635,-46.460231,2.7745960000000025,9
6idg_0H,4,8,-40.260609,-43.029816,2.7692069999999944,12
7ej5_2P,4,13,-41.366009,-44.128544,2.7625349999999997,17
2cgr_0H,7,13,-43.462714,-46.22182,2.7591060000000027,20
5kte_0P,3,1,-41.983734,-44.740575,2.7568410000000014,4
3v4v_1P,1,6,-46.78667,-49.533993,2.7473230000000015,7
7llk_0PH,37,33,-58.150525,-60.89257,2.7420449999999974,70
8cw9_4PH,18,13,-40.861709,-43.594721,2.733012000000002,31
3l95_0P,11,13,-48.567549,-51.274859,2.7073099999999997,24
6ewb_2P,5,7,-48.39872,-51.097659,2.698939000000003,12
6qb6_0P,1,3,-41.518233,-44.203141,2.684908,4
6pe9_1P,11,7,-44.634233,-47.307851,2.6736179999999976,18
7kqh_0P,9,12,-45.380041,-48.045889,2.665848000000004,21
7s0d_0P,4,4,-45.490453,-48.153301,2.6628479999999968,8
7ul7_0PH,9,16,-42.038452,-44.679359,2.6409069999999986,25
3be1_0P,13,21,-41.543164,-44.147327,2.604163,34
6sf6_0P,2,10,-44.82087,-47.420298,2.599428000000003,12
1oar_3H,2,3,-47.53557,-50.134868,2.5992979999999974,5
7kf1_2P,13,19,-40.217364,-42.80518,2.5878159999999966,32
6d0u_2P,14,27,-44.464529,-47.051988,2.5874590000000026,41
5n09_1PH,15,14,-43.733149,-46.315093,2.581944,29
7mw6_2P,1,3,-51.04521,-53.616268,2.5710580000000007,4
5gir_1P,4,12,-46.824059,-49.394873,2.5708139999999986,16
6chb_4P,18,22,-47.93602,-50.504345,2.5683250000000015,40
3o2d_0P,9,13,-41.847933,-44.36105,2.513117000000001,22
4mhj_4P,12,16,-47.596738,-50.109401,2.5126629999999963,28
4z5r_3P,16,24,-46.617305,-49.127809,2.5105039999999974,40
7lab_2PH,0,1,-44.773564,-47.282789,2.5092250000000007,1
6vmk_7P,13,18,-42.518734,-45.025276,2.506541999999996,31
6fg2_3P,14,17,-43.692069,-46.192638,2.500569000000006,31
6nfn_4H,12,6,-52.481868,-54.979307,2.497439,18
7q9g_1P,8,3,-45.335635,-47.784373,2.4487379999999987,11
3qum_1P,8,11,-44.925169,-47.373765,2.448596000000002,19
6wtv_2P,13,11,-40.841994,-43.288229,2.4462350000000015,24
6ii9_0P,4,4,-49.567842,-52.000382,2.432540000000003,8
6fxn_4P,2,13,-39.198397,-41.607541,2.4091439999999977,15
7bub_1P,8,12,-43.805837,-46.206674,2.4008370000000028,20
7jvc_2PH,0,2,-46.337196,-48.737742,2.4005459999999985,2
5mp5_2P,2,13,-41.48213,-43.879952,2.397822000000005,15
7sjn_0P,15,22,-47.421334,-49.811461,2.3901269999999997,37
1fe8_2PH,9,10,-47.971202,-50.33595,2.3647479999999987,19
7mw4_2P,3,3,-49.473574,-51.834626,2.361052000000001,6
7shz_2P,14,22,-49.403168,-51.761084,2.357915999999996,36
6lxk_2P,8,8,-42.887678,-45.238114,2.350436000000002,16
3bgf_1P,3,11,-41.840363,-44.189898,2.349534999999996,14
5uoe_0P,9,16,-43.531244,-45.854967,2.323723000000001,25
6fy0_1P,15,11,-43.922025,-46.239273,2.3172479999999993,26
6h0e_2P,10,17,-33.724721,-36.038892,2.3141709999999946,27
6apd_4P,0,0,-47.278045,-49.584488,2.3064430000000016,0
6xey_1PH,1,3,-45.555216,-47.86056,2.305343999999998,4
7l2c_0P,3,3,-39.602714,-41.903837,2.301123000000004,6
7e5s_6P,2,9,-45.866681,-48.165317,2.298636000000002,11
6j11_1PH,9,14,-42.727129,-45.00251,2.275381000000003,23
5vzy_0P,11,11,-40.281063,-42.5507,2.269636999999996,22
1c08_0P,2,7,-47.257467,-49.522219,2.2647520000000014,9
3wlw_0P,2,8,-39.410199,-41.668768,2.2585690000000014,10
3q3g_3P,5,7,-43.858657,-46.11652,2.2578630000000004,12
7bpk_1P,2,3,-41.553345,-43.802187,2.2488420000000033,5
7tl0_2PH,9,12,-46.561202,-48.809867,2.2486649999999955,21
5mp1_1P,2,13,-42.421475,-44.668767,2.2472920000000016,15
4xvs_0P,20,30,-40.239264,-42.473505,2.2342410000000044,50
7si2_1P,0,6,-47.639986,-49.874,2.234014000000002,6
7r8m_1P,1,0,-47.340283,-49.573414,2.233131,1
6dca_0P,2,15,-43.867213,-46.093907,2.226694000000002,17
4yx2_0P,5,12,-42.481624,-44.695762,2.2141380000000055,17
6was_1P,20,16,-46.306846,-48.497082,2.1902359999999987,36
4dkf_0P,7,14,-42.029196,-44.207662,2.1784660000000002,21
7jv6_1P,1,5,-43.767201,-45.935124,2.167923000000002,6
5k9o_0P,8,3,-46.485631,-48.645921,2.1602900000000034,11
3b2u_0P,6,4,-45.448048,-47.604851,2.1568029999999965,10
6nmr_2P,15,12,-45.580288,-47.736465,2.1561769999999996,27
5hhv_0P,11,1,-40.904658,-43.049909,2.145251000000002,12
6dwa_0H,18,18,-41.636232,-43.767871,2.131639,36
5o6v_1P,6,8,-59.543895,-61.657292,2.113396999999999,14
7e5y_0P,21,5,-44.505417,-46.597156,2.091738999999997,26
5dq9_1H,2,11,-39.433534,-41.506218,2.0726839999999953,13
7n8h_5P,6,5,-42.945425,-45.015068,2.0696429999999992,11
4ut9_1P,11,4,-43.589874,-45.65834,2.068466000000001,15
6mek_2P,2,6,-41.287301,-43.350009,2.0627080000000007,8
4rx4_0PH,28,38,-40.216451,-42.261295,2.0448439999999977,66
7ejy_0P,1,6,-42.215484,-44.259164,2.043680000000002,7
7k4n_0P,8,5,-41.044372,-43.058372,2.013999999999996,13
6iw2_3P,4,18,-43.739272,-45.745649,2.0063770000000005,22
6vi1_5P,10,16,-42.472821,-44.477439,2.0046179999999936,26
7akj_2PH,2,2,-44.824488,-46.826621,2.0021330000000006,4
5f3h_3P,14,5,-47.093243,-49.085587,1.9923439999999957,19
5czx_0P,6,10,-43.202594,-45.19264,1.9900459999999995,16
6snd_0PH,25,30,-51.609758,-53.587281,1.977522999999998,55
7pqy_1P,2,1,-45.47001,-47.440036,1.9700259999999972,3
6dcq_0PH,15,27,-46.19833,-48.159356,1.961026000000004,42
6zdg_2P,1,2,-48.742688,-50.694569,1.9518810000000002,3
4xh2_2P,14,13,-41.525986,-43.471988,1.946002,27
4m8q_1P,0,0,-43.299119,-45.240621,1.9415019999999998,0
7ps4_0P,2,4,-43.537663,-45.472322,1.9346589999999964,6
5x2n_0P,4,10,-44.302595,-46.227413,1.924818000000002,14
5wux_1P,14,22,-43.234678,-45.156278,1.921599999999998,36
4hzl_0P,4,7,-51.290498,-53.206615,1.9161169999999998,11
7w71_1P,8,8,-45.410589,-47.32375,1.9131609999999952,16
7jw0_2P,6,4,-48.981033,-50.87265,1.8916170000000037,10
6njn_1P,5,4,-49.578638,-51.463751,1.885113000000004,9
3vi3_1P,9,11,-43.885874,-45.768567,1.8826929999999962,20
7sd5_0P,2,7,-44.460814,-46.330559,1.8697450000000018,9
6mfp_1P,8,7,-40.234921,-42.095392,1.8604709999999969,15
7lqv_0PH,1,4,-48.122494,-49.980926,1.8584319999999934,5
7kkz_0H,3,8,-44.508144,-46.363707,1.8555629999999965,11
7ls9_1P,0,2,-43.803528,-45.654965,1.8514369999999971,2
7mzj_1P,15,3,-47.929129,-49.777045,1.847915999999998,18
6woz_2P,6,12,-48.677707,-50.500825,1.823118000000001,18
5udd_4P,6,18,-46.146904,-47.95751,1.810606,24
6pz8_2P,13,24,-46.968902,-48.773587,1.8046849999999992,37
7t3d_4P,8,10,-48.048526,-49.840192,1.7916659999999993,18
4zpt_1P,4,4,-49.139746,-50.928477,1.7887309999999985,8
1fl3_1H,10,12,-30.95127,-32.731761,1.7804909999999978,22
7chf_0P,4,5,-44.18412,-45.963339,1.7792189999999977,9
4d9q_0P,21,11,-39.225023,-40.991834,1.766810999999997,32
4s1d_3H,6,11,-38.628621,-40.367787,1.7391659999999973,17
6ct7_0P,14,16,-37.642038,-39.371179,1.7291409999999985,30
3qct_0H,10,25,-42.622674,-44.351522,1.7288479999999993,35
7pr0_0P,0,1,-43.120668,-44.843187,1.7225189999999984,1
6xlq_1P,2,1,-45.330491,-47.047671,1.717179999999999,3
7zf8_0P,6,6,-45.217571,-46.917633,1.7000620000000026,12
7c61_0P,1,8,-44.288535,-45.986208,1.6976729999999947,9
3sge_0P,1,6,-47.40837,-49.101583,1.693213,7
7fjo_1P,11,18,-41.439427,-43.132086,1.692658999999999,29
4rau_4P,6,6,-46.712226,-48.399409,1.6871829999999974,12
6nb3_1PH,11,14,-48.556215,-50.240744,1.6845289999999977,25
3kdm_1H,6,1,-43.938823,-45.619044,1.680221000000003,7
5yoy_0P,1,5,-43.745366,-45.414288,1.668922000000002,6
3eoa_0P,10,23,-47.73279,-49.396706,1.6639160000000004,33
3q1s_0P,9,23,-42.799171,-44.460131,1.6609599999999958,32
6ywd_0P,16,14,-43.594731,-45.254447,1.659715999999996,30
5ugy_2P,6,12,-41.537385,-43.196702,1.6593170000000015,18
6i8s_0P,10,1,-45.59113,-47.250189,1.6590589999999992,11
5i5k_0P,15,16,-43.15064,-44.807584,1.6569439999999958,31
7m7w_2P,3,10,-42.655296,-44.311408,1.6561120000000003,13
7orb_2PH,5,4,-40.266885,-41.920585,1.6537000000000006,9
7k39_0P,16,19,-43.640714,-45.284884,1.6441699999999955,35
6x9r_0P,11,17,-47.763015,-49.407126,1.6441109999999952,28
7l7e_1P,5,4,-41.766289,-43.408686,1.6423970000000025,9
3lh2_3P,12,17,-43.858461,-45.500483,1.6420220000000043,29
3ulu_0P,8,6,-46.830861,-48.465545,1.634684,14
7kr5_1P,7,6,-48.053038,-49.682133,1.6290949999999995,13
4hs6_1P,19,19,-43.254745,-44.882693,1.6279480000000035,38
4xmk_1P,12,19,-43.733415,-45.35844,1.6250250000000008,31
7q0i_1PH,6,4,-43.684476,-45.307927,1.6234510000000029,10
3p0y_0P,13,17,-44.991561,-46.606979,1.6154180000000053,30
5lsp_1P,12,4,-44.517033,-46.124987,1.6079539999999994,16
6hjq_2P,7,12,-44.315001,-45.922493,1.6074920000000006,19
2r56_0P,6,23,-49.406182,-51.009745,1.6035630000000012,29
6a4k_0P,17,14,-43.548049,-45.140618,1.5925690000000046,31
3cxd_0P,4,5,-42.923947,-44.511081,1.587133999999999,9
7x7v_2PH,6,17,-48.979292,-50.559225,1.579932999999997,23
3mly_1P,10,9,-43.045997,-44.624726,1.5787290000000027,19
6kva_1P,7,11,-45.435471,-47.013056,1.5775849999999991,18
7stz_0P,6,4,-42.979465,-44.555471,1.5760059999999996,10
2wub_0P,12,16,-46.578849,-48.154014,1.5751649999999984,28
6oej_1PH,4,6,-43.040555,-44.611705,1.571150000000003,10
7bep_2P,3,6,-35.636194,-37.195897,1.559702999999999,9
6elu_3P,7,5,-47.522113,-49.076111,1.553998,12
2a6d_1P,0,10,-46.832052,-48.376136,1.5440840000000051,10
6uta_1P,1,0,-46.906577,-48.447656,1.5410790000000034,1
5zia_0P,7,13,-48.787189,-50.327276,1.5400869999999998,20
6o3l_1P,14,27,-43.399313,-44.929025,1.5297120000000035,41
7seg_0P,19,7,-42.644042,-44.17103,1.526988000000003,26
7bek_0PH,4,7,-45.134184,-46.651554,1.5173699999999997,11
5wko_5P,3,15,-42.796875,-44.31415,1.517274999999998,18
7k9k_0P,5,6,-47.071295,-48.588528,1.5172329999999974,11
7tn0_2P,5,4,-49.228297,-50.738641,1.5103440000000035,9
7c01_1P,2,3,-47.03751,-48.547325,1.5098150000000032,5
6c5k_1H,3,8,-43.520456,-45.029598,1.509141999999997,11
6eyo_0P,4,14,-46.08748,-47.593472,1.505991999999999,18
5tq2_0P,12,6,-44.597025,-46.100533,1.5035079999999965,18
1ai1_0P,6,8,-42.048698,-43.542095,1.4933970000000016,14
7ahu_0P,6,7,-44.903734,-46.396542,1.4928079999999966,13
4xgz_7P,10,18,-43.258283,-44.736934,1.4786509999999993,28
1him_0P,5,4,-46.142819,-47.616855,1.4740359999999981,9
5u8r_0PH,1,22,-49.560174,-51.014332,1.4541579999999996,23
7wee_0P,10,13,-49.320894,-50.771587,1.450692999999994,23
5k9q_3PH,17,9,-41.071752,-42.517894,1.4461420000000018,26
6u38_0P,10,20,-39.751989,-41.196758,1.4447690000000009,30
5ush_1P,2,4,-42.182964,-43.615097,1.4321330000000003,6
7kn4_1P,16,11,-42.135661,-43.566775,1.4311140000000009,27
5oca_0P,2,2,-42.297805,-43.724703,1.4268980000000013,4
6wg2_1P,10,11,-48.784825,-50.204175,1.4193500000000014,21
7m7w_3P,6,3,-42.327405,-43.745873,1.4184680000000043,9
4ubd_4P,17,21,-42.073201,-43.489585,1.4163840000000008,38
6n7j_1P,15,15,-38.174072,-39.588141,1.4140689999999978,30
2qql_0P,13,17,-43.456211,-44.870246,1.4140349999999984,30
6iw2_3P,5,18,-43.647314,-45.059848,1.4125340000000008,23
7lm8_0P,3,1,-45.112522,-46.522776,1.410254000000002,4
1wc7_0H,9,6,-44.301023,-45.707915,1.4068919999999991,15
6wty_3P,15,18,-42.261615,-43.661799,1.400184000000003,33
6wfz_1P,7,9,-44.775419,-46.169204,1.3937850000000012,16
2b1h_0P,16,17,-44.130828,-45.522339,1.3915110000000013,33
6kz0_3P,0,21,-41.242523,-42.633528,1.3910049999999998,21
4yc2_0P,11,14,-53.634179,-55.01781,1.383630999999994,25
5tzu_0P,3,8,-46.396798,-47.776423,1.3796250000000043,11
7uds_2PH,14,14,-45.252438,-46.630689,1.3782509999999988,28
7uem_0H,4,11,-45.995052,-47.367882,1.3728300000000004,15
3wkm_0P,3,7,-43.844248,-45.216761,1.3725129999999979,10
6db5_0P,6,8,-40.031105,-41.393989,1.362884000000001,14
5ggs_0P,20,20,-44.107847,-45.468089,1.3602419999999995,40
7ur4_0P,9,13,-41.706421,-43.064033,1.3576120000000031,22
7s0x_0P,9,11,-45.67357,-47.030646,1.3570759999999993,20
6xc4_0P,1,4,-48.978595,-50.331944,1.3533490000000015,5
6vrk_0PH,1,3,-54.097864,-55.446236,1.3483719999999977,4
6e4y_0P,0,5,-45.51837,-46.864964,1.3465940000000032,5
5njd_0P,16,3,-41.751646,-43.096037,1.3443910000000017,19
7sq1_1P,5,8,-46.97285,-48.317207,1.3443570000000022,13
7m53_0P,3,12,-47.450318,-48.788513,1.338194999999999,15
1ncb_0P,6,5,-47.958172,-49.295363,1.3371910000000042,11
3cvh_1P,4,3,-46.565727,-47.900894,1.3351669999999984,7
5vta_1P,10,9,-47.722875,-49.057838,1.3349629999999948,19
7lxy_4PH,3,6,-46.927826,-48.261465,1.333638999999998,9
3nfp_0P,16,17,-47.934658,-49.267606,1.3329480000000018,33
6mft_0PH,5,1,-42.097806,-43.430712,1.3329060000000013,6
4gaj_0P,6,5,-42.861134,-44.193102,1.3319680000000034,11
7wi0_2P,1,3,-42.713937,-44.037951,1.3240139999999982,4
5tzt_1P,14,10,-48.274187,-49.596874,1.322687000000002,24
6oc3_1P,12,16,-51.754859,-53.075554,1.3206949999999935,28
6xm2_0P,21,21,-40.251305,-41.571146,1.3198409999999967,42
4odx_1P,0,0,-43.873925,-45.190068,1.3161429999999967,0
2r4r_0P,4,15,-43.106902,-44.422746,1.3158439999999985,19
4y5x_1P,6,1,-54.33679,-55.652163,1.315373000000001,7
5u3k_0P,19,27,-50.159695,-51.474918,1.3152230000000031,46
2j6e_1P,2,5,-45.835373,-47.144643,1.309270000000005,7
4onf_0P,3,15,-48.881972,-50.190268,1.3082960000000057,18
8djm_0P,1,8,-46.089511,-47.396868,1.307356999999996,9
4z8f_0N,3,1,-50.666638,-51.970955,1.3043169999999975,4
7k8w_0P,4,0,-48.657232,-49.961382,1.30415,4
7zfe_1P,6,6,-47.05768,-48.360005,1.3023250000000033,12
5mvz_1P,1,2,-43.32369,-44.625168,1.301478000000003,3
5w4l_0P,5,10,-45.118054,-46.419478,1.3014239999999972,15
6ug9_2H,5,5,-44.66493,-45.963451,1.298521000000001,10
2fjg_1P,10,15,-39.373171,-40.67129,1.2981189999999998,25
3o45_0P,3,2,-41.65789,-42.95413,1.2962399999999974,5
6h3u_0P,1,4,-48.487614,-49.783248,1.2956339999999997,5
5lxa_0PH,3,11,-44.143002,-45.425469,1.282466999999997,14
4ffv_1P,10,9,-50.940569,-52.211268,1.2706989999999934,19
3o6l_0P,3,4,-47.199721,-48.467323,1.2676020000000037,7
5wdu_0PH,29,40,-45.778252,-47.021182,1.2429300000000012,69
6wo5_2PH,7,10,-43.30719,-44.549416,1.2422260000000023,17
5sx4_1P,4,10,-47.602883,-48.843751,1.240867999999999,14
5ikc_0P,6,10,-42.563749,-43.803892,1.2401429999999962,16
2qr0_1P,12,16,-45.419558,-46.656345,1.2367869999999996,28
3jwd_1P,6,13,-40.080254,-41.314605,1.2343510000000038,19
7cgw_0P,20,11,-43.519789,-44.750305,1.2305159999999944,31
7kyl_0P,5,5,-50.564885,-51.794821,1.2299360000000021,10
5nh3_0P,9,8,-40.677393,-41.898167,1.2207739999999987,17
6f7t_0P,3,10,-39.684817,-40.905454,1.2206369999999964,13
1ua6_0P,2,10,-47.121272,-48.335771,1.2144990000000035,12
6ju0_2H,5,9,-47.531681,-48.74121,1.2095290000000034,14
7rxc_0P,10,10,-46.667512,-47.869545,1.2020330000000001,20
2ipu_0P,0,11,-44.279783,-45.479346,1.1995629999999977,11
1ehl_0NH,1,5,-41.379298,-42.572916,1.1936180000000007,6
5bo1_0P,12,15,-41.953479,-43.13691,1.1834309999999988,27
7te1_1P,1,2,-48.430919,-49.612719,1.1817999999999955,3
1u8p_0P,14,14,-42.200949,-43.382061,1.1811119999999988,28
3nh7_2P,19,10,-45.511778,-46.689579,1.1778010000000023,29
7rqr_1P,8,11,-42.418232,-43.592188,1.173955999999997,19
4hlz_1P,0,9,-44.349902,-45.522226,1.1723240000000033,9
6s8i_1P,16,14,-44.468748,-45.638679,1.1699310000000054,30
5w0k_1P,1,10,-45.635791,-46.799893,1.1641019999999997,11
7vyr_1P,6,10,-41.922575,-43.081828,1.1592529999999996,16
4fp8_0P,14,27,-43.524111,-44.682123,1.1580119999999994,41
7m6e_1PH,4,1,-44.802472,-45.954532,1.1520599999999988,5
4yzf_3P,3,14,-45.130232,-46.276152,1.1459200000000038,17
6nms_0P,15,11,-44.722643,-45.867919,1.1452760000000026,26
5otj_1P,10,15,-45.929722,-47.074365,1.144643000000002,25
7shy_2PH,13,21,-49.800748,-50.941676,1.1409280000000024,34
7k8z_0P,4,5,-40.880719,-42.020051,1.1393320000000031,9
4rdq_0P,4,14,-45.713143,-46.846714,1.1335709999999963,18
6okm_0P,18,18,-49.481988,-50.614921,1.1329330000000013,36
4web_0P,1,5,-46.059673,-47.192381,1.132708000000001,6
5xaj_2P,9,2,-39.251262,-40.382534,1.1312720000000027,11
1ind_0H,3,17,-43.180882,-44.309465,1.128583000000006,20
6mtp_0P,16,18,-43.864046,-44.986244,1.1221979999999974,34
1lo2_1H,8,12,-44.302664,-45.414404,1.1117399999999975,20
7lr4_0P,4,11,-48.729596,-49.837437,1.1078410000000005,15
6pdx_1P,12,25,-44.454669,-45.560488,1.1058189999999968,37
7c88_1P,19,20,-50.716098,-51.814662,1.098563999999996,39
3hi6_1P,4,8,-45.737418,-46.832611,1.0951930000000019,12
4nnp_0P,10,15,-44.491435,-45.58457,1.0931349999999966,25
5w2b_0P,10,18,-40.184695,-41.272804,1.0881090000000029,28
6a3w_2P,14,5,-43.234828,-44.319866,1.0850379999999973,19
5mhr_2P,5,12,-46.457963,-47.542118,1.0841550000000026,17
7kd6_0PH,5,3,-41.464706,-42.548818,1.0841119999999975,8
1e4x_0P,8,8,-47.838349,-48.91942,1.0810710000000014,16
4tuo_0H,2,19,-47.340173,-48.419546,1.0793729999999968,21
7lrt_1PH,3,0,-43.259629,-44.335293,1.0756640000000033,3
4r9y_0P,6,15,-49.234653,-50.308879,1.074225999999996,21
6hx4_1P,1,6,-48.150594,-49.224751,1.0741569999999996,7
6s3d_2P,6,21,-45.693934,-46.767626,1.0736920000000012,27
5wtt_0P,4,5,-47.252646,-48.322827,1.070180999999998,9
7ura_0P,7,15,-48.587916,-49.652666,1.0647500000000036,22
6usf_0P,11,16,-38.374419,-39.436743,1.0623239999999967,27
1riv_0H,4,7,-44.570805,-45.621234,1.0504290000000012,11
5w1k_6P,4,19,-52.849021,-53.895386,1.0463650000000015,23
6q23_1P,9,18,-47.957168,-48.997806,1.0406379999999942,27
7mzh_0P,4,1,-41.892664,-42.931444,1.0387799999999956,5
4nrx_1P,4,8,-43.82135,-44.852258,1.0309079999999966,12
5kzp_1P,3,15,-50.315738,-51.345798,1.0300599999999989,18
3jbq_1P,1,9,-42.820245,-43.850203,1.0299580000000006,10
7mkm_0P,9,5,-47.969974,-48.990846,1.0208719999999971,14
6u8k_2N,10,15,-44.492771,-45.507604,1.014833000000003,25
6m87_2H,5,5,-46.564619,-47.578947,1.014327999999999,10
7syy_0P,4,7,-47.333065,-48.346847,1.013781999999999,11
6lxi_0PH,8,8,-42.968186,-43.981059,1.012872999999999,16
4aei_2P,2,7,-49.271167,-50.28294,1.0117730000000051,9
6q0i_0P,1,1,-40.758164,-41.768483,1.0103190000000026,2
6svl_1P,1,3,-42.6687,-43.677671,1.0089709999999954,4
5ibl_1P,10,5,-45.621478,-46.630157,1.0086789999999937,15
1ncc_0P,6,3,-47.90738,-48.909567,1.0021869999999993,9
2w9e_0P,4,13,-46.177328,-47.175226,0.9978979999999993,17
6p67_1P,3,4,-48.541545,-49.539315,0.9977700000000027,7
5gux_0P,7,4,-51.243062,-52.240801,0.9977389999999957,11
6j5d_0P,4,11,-43.596969,-44.592557,0.9955879999999979,15
7rxl_1P,3,5,-44.410852,-45.396892,0.9860400000000027,8
6z7w_0P,2,5,-44.407878,-45.390075,0.9821970000000064,7
6v4o_2P,15,15,-41.5073,-42.482937,0.975636999999999,30
6dfg_2PH,25,32,-44.021403,-44.992642,0.9712389999999971,57
6flc_1P,8,4,-45.657908,-46.626704,0.9687959999999975,12
6wjl_0P,5,5,-48.879406,-49.847862,0.9684559999999962,10
7e8f_2P,5,6,-45.253194,-46.220098,0.9669039999999995,11
6cse_0P,12,16,-45.431898,-46.392808,0.9609100000000055,28
7k75_0P,7,15,-46.369081,-47.32669,0.9576089999999979,22
7rd4_1P,7,5,-44.723007,-45.680114,0.9571070000000006,12
4r0l_0PH,7,5,-41.719362,-42.676107,0.9567450000000051,12
5ock_0PH,27,28,-45.174954,-46.131653,0.9566990000000004,55
5uqy_0P,5,10,-43.217718,-44.171961,0.9542430000000053,15
8dls_0P,3,3,-44.35696,-45.309289,0.9523289999999989,6
1a6w_0H,2,0,-46.431457,-47.381881,0.9504239999999982,2
5wna_1P,8,20,-41.525691,-42.473848,0.9481569999999948,28
1mjj_0H,1,5,-41.213695,-42.158222,0.9445270000000008,6
7k93_3P,3,13,-45.715074,-46.656695,0.9416209999999978,16
1w72_1P,4,3,-47.516269,-48.456861,0.9405920000000023,7
7u8m_2P,8,13,-47.50765,-48.444375,0.9367250000000027,21
7m3i_0P,1,3,-44.823638,-45.754677,0.9310389999999984,4
4mwf_1P,11,23,-54.147265,-55.076659,0.929394000000002,34
6ii4_1P,2,6,-43.649748,-44.579022,0.9292739999999995,8
6vy2_2PH,34,37,-44.33207,-45.261126,0.9290559999999957,71
3gi9_0P,4,6,-44.206807,-45.127643,0.9208360000000013,10
6m87_1H,5,5,-46.293961,-47.213779,0.9198179999999994,10
6y9a_0P,10,15,-46.269219,-47.185555,0.9163360000000011,25
7rq6_0P,5,6,-44.469021,-45.378966,0.9099450000000004,11
5f9w_1PH,11,15,-48.487711,-49.397475,0.9097640000000027,26
1z3g_1P,4,1,-49.25183,-50.157247,0.9054169999999999,5
3bsz_0P,1,9,-47.114601,-48.019272,0.9046710000000004,10
6wx2_0P,8,14,-43.393036,-44.295357,0.9023210000000006,22
7mno_1P,10,16,-44.681764,-45.581807,0.9000429999999966,26
1yuh_0H,3,9,-48.241896,-49.135477,0.8935810000000046,12
4n8c_1P,7,20,-43.944268,-44.836931,0.8926629999999989,27
2h9g_1P,10,19,-49.191699,-50.076283,0.8845839999999967,29
7ps0_1P,11,8,-43.390683,-44.273218,0.8825349999999972,19
5tqq_1P,4,11,-44.997222,-45.879088,0.8818660000000023,15
6avr_0P,4,7,-46.700364,-47.578812,0.8784479999999988,11
6o3g_1P,14,26,-44.234812,-45.107416,0.8726040000000026,40
6txz_3P,4,1,-46.830407,-47.703002,0.8725949999999969,5
7kf0_0P,13,20,-43.632089,-44.504047,0.8719579999999993,33
7nw3_0P,6,10,-48.36131,-49.232852,0.871541999999998,16
1nd0_3H,9,7,-45.008285,-45.874791,0.8665060000000011,16
7ucg_2P,29,24,-50.701929,-51.568294,0.8663650000000018,53
3v52_0P,1,4,-50.370783,-51.2347,0.8639169999999936,5
6uyg_1P,10,19,-46.579886,-47.43953,0.8596439999999959,29
5vk2_1P,14,17,-44.85181,-45.711049,0.8592390000000023,31
6iec_3P,1,4,-45.729947,-46.588545,0.8585980000000006,5
3kj4_1P,3,11,-45.323398,-46.180153,0.8567549999999997,14
6jep_0P,8,9,-43.349505,-44.20132,0.851815000000002,17
7rew_1P,7,6,-46.361633,-47.211704,0.8500709999999998,13
5xhv_1P,14,17,-45.263597,-46.112282,0.8486850000000032,31
5xmh_1P,3,7,-45.226747,-46.074351,0.8476039999999969,10
5bk1_1P,13,18,-42.85789,-43.705411,0.8475210000000004,31
6nz7_1PH,10,11,-46.412719,-47.259264,0.846544999999999,21
6xc3_0P,3,9,-42.901637,-43.736716,0.8350790000000003,12
5uea_1P,10,18,-46.321397,-47.149764,0.8283670000000001,28
7beo_3P,3,10,-44.351235,-45.177396,0.826160999999999,13
6x78_1P,1,10,-44.068516,-44.892693,0.8241769999999988,11
7m71_0P,4,7,-44.370211,-45.190843,0.8206320000000034,11
1f58_0P,8,3,-44.744259,-45.561977,0.8177179999999993,11
6w9g_0PH,13,16,-46.199408,-47.014452,0.8150440000000003,29
6q1z_0P,6,11,-49.681494,-50.491191,0.8096969999999999,17
3qum_0P,3,7,-47.898696,-48.707963,0.8092669999999984,10
3c09_0P,17,18,-45.294564,-46.102289,0.8077249999999978,35
6ol7_5PH,8,16,-50.284427,-51.091603,0.8071759999999983,24
7lse_0P,2,8,-45.153602,-45.960335,0.8067330000000013,10
7rkv_0P,2,3,-40.4954,-41.294327,0.7989270000000062,5
6fg2_1P,6,4,-41.104176,-41.901713,0.7975369999999984,10
6b5p_0P,11,4,-43.186982,-43.976172,0.7891899999999978,15
7q6e_0PH,4,8,-31.343752,-32.132429,0.7886770000000034,12
5wdf_0P,13,28,-42.460553,-43.247467,0.786914000000003,41
7wi0_1P,7,4,-45.393871,-46.180478,0.7866070000000036,11
6urm_1P,9,11,-41.000093,-41.786652,0.7865589999999969,20
1axs_0H,6,11,-41.413268,-42.185267,0.771999000000001,17
7q9p_0P,7,8,-46.757939,-47.523381,0.7654420000000002,15
4qci_0P,21,7,-44.057464,-44.822234,0.7647699999999986,28
1bql_0P,8,13,-49.4964,-50.259588,0.7631879999999995,21
7o30_0P,6,4,-45.363641,-46.125409,0.7617679999999964,10
1f4x_0H,7,12,-43.51982,-44.273678,0.7538579999999939,19
1uz8_0H,2,2,-49.576149,-50.321579,0.7454299999999989,4
5xez_1P,4,5,-41.549115,-42.292975,0.743859999999998,9
7k90_1P,2,3,-43.909236,-44.652379,0.7431430000000034,5
1n5y_0P,4,23,-44.038248,-44.778299,0.740050999999994,27
7kfv_0P,3,1,-45.710536,-46.449673,0.7391369999999995,4
7lf1_5P,4,8,-42.812743,-43.550299,0.737556000000005,12
5vig_1PH,11,14,-46.240811,-46.969505,0.7286939999999973,25
2b2x_0P,25,11,-43.187669,-43.914804,0.727134999999997,36
7rfc_1P,13,15,-31.317467,-32.041837,0.7243700000000004,28
3mlw_1P,11,15,-42.214492,-42.928411,0.7139189999999971,26
4q6i_0P,8,11,-37.021613,-37.733725,0.7121119999999976,19
7q9m_2PH,4,6,-40.304286,-41.015673,0.711387000000002,10
4etq_1P,7,17,-46.150515,-46.857389,0.7068739999999991,24
7u0e_0P,8,24,-43.236292,-43.938904,0.702612000000002,32
5w4l_1P,8,18,-41.994937,-42.697423,0.7024860000000004,26
7klg_0P,10,16,-44.626312,-45.327106,0.7007940000000019,26
2ntf_0H,7,14,-46.458359,-47.155523,0.6971640000000008,21
3vrl_1P,0,2,-49.189682,-49.885602,0.695920000000001,2
5mhg_0H,9,2,-50.130017,-50.824393,0.6943759999999983,11
6nb6_0P,4,19,-48.655657,-49.349963,0.6943060000000045,23
6uig_1P,8,11,-48.807318,-49.501549,0.6942309999999949,19
5k9k_0PH,6,7,-51.086117,-51.780263,0.6941459999999964,13
5kaq_0PH,8,13,-46.093693,-46.786709,0.6930160000000001,21
6dfh_1PH,0,0,-45.874338,-46.561757,0.6874189999999984,0
3mac_0P,19,7,-40.103981,-40.791162,0.6871810000000025,26
3gjf_1P,11,7,-46.186828,-46.866972,0.6801439999999985,18
7r8n_2P,10,7,-45.876221,-46.555698,0.6794769999999986,17
3eyv_0H,26,21,-45.893904,-46.57317,0.6792659999999984,47
7tpg_0P,10,15,-46.089187,-46.766636,0.6774489999999957,25
6rlo_0P,3,6,-43.7222,-44.393719,0.6715189999999964,9
6gff_1P,8,7,-40.922005,-41.591613,0.6696080000000038,15
7tz5_2P,3,11,-45.269946,-45.939213,0.6692670000000049,14
5gzo_0P,1,0,-44.764122,-45.428674,0.6645520000000005,1
6bft_0P,13,24,-44.833367,-45.496632,0.6632649999999956,37
7e7e_0P,15,16,-42.530115,-43.19082,0.6607050000000001,31
7kfw_1P,2,3,-44.932803,-45.58924,0.6564369999999968,5
7lxz_3P,4,7,-46.990322,-47.645204,0.6548820000000006,11
6e63_1P,12,12,-47.294821,-47.949441,0.6546200000000013,24
7ru5_0P,3,3,-50.706177,-51.360096,0.6539190000000019,6
7zfb_5P,5,11,-44.649015,-45.298604,0.6495889999999989,16
7sts_1P,0,0,-44.662803,-45.310695,0.6478920000000059,0
7kqk_1P,15,9,-41.42402,-42.06962,0.6456000000000017,24
7chb_0P,2,3,-44.717603,-45.362637,0.6450340000000025,5
7m7b_0P,6,0,-44.952091,-45.596816,0.644724999999994,6
6o2b_1P,1,4,-45.526576,-46.170468,0.643892000000001,5
6bfq_1P,18,22,-46.636476,-47.275105,0.6386290000000017,40
6y9b_1P,2,3,-46.598595,-47.233514,0.6349189999999965,5
7nab_1P,4,5,-44.784771,-45.418903,0.634132000000001,9
7rth_1P,10,13,-43.176598,-43.810178,0.633580000000002,23
4qnp_0P,3,7,-44.815235,-45.437718,0.6224829999999955,10
7coe_0P,0,9,-44.555393,-45.176325,0.6209319999999963,9
7nd4_1PH,4,7,-47.137037,-47.754324,0.6172869999999975,11
7pc2_0PH,14,15,-54.35169,-54.968853,0.617163000000005,29
6qd8_0P,9,11,-39.635897,-40.252651,0.6167540000000002,20
6vvu_3P,20,20,-39.948953,-40.563652,0.6146989999999946,40
6bf4_0PH,13,12,-47.58778,-48.201606,0.613825999999996,25
7a3t_0P,9,13,-42.005013,-42.617944,0.6129310000000032,22
5drz_1P,25,28,-50.215356,-50.827697,0.6123410000000007,53
4edx_0P,5,7,-49.546925,-50.159242,0.6123169999999973,12
5zxv_1P,4,13,-41.759187,-42.367971,0.608784,17
7beo_0PH,4,4,-41.837498,-42.440779,0.6032810000000026,8
6p4b_1P,2,11,-44.199692,-44.80215,0.6024579999999986,13
4zs6_1P,13,10,-46.714404,-47.311401,0.5969969999999947,23
6xun_1H,3,13,-48.8954,-49.488509,0.5931089999999983,16
3dvn_0P,9,18,-44.383226,-44.972534,0.5893080000000026,27
5k59_0P,5,5,-46.171382,-46.753912,0.5825299999999984,10
5gzn_1P,2,3,-40.956787,-41.539062,0.5822750000000028,5
3idy_0PH,7,7,-41.797751,-42.378713,0.5809619999999995,14
7kc1_0PH,10,16,-48.656993,-49.235969,0.5789759999999973,26
6a67_0PH,3,7,-49.980327,-50.553583,0.5732560000000007,10
7lfa_1P,8,10,-42.887062,-43.460009,0.5729469999999992,18
4xak_0P,5,1,-44.287643,-44.854657,0.5670140000000004,6
7n0u_0P,9,12,-50.340472,-50.902427,0.5619550000000046,21
7t8w_0P,3,6,-53.683204,-54.245158,0.5619540000000001,9
4m62_1P,0,0,-42.797091,-43.357468,0.5603769999999955,0
3bkj_0P,9,11,-44.373782,-44.931349,0.5575669999999988,20
3u2s_1PH,15,18,-44.805711,-45.358784,0.5530729999999977,33
7luc_4P,16,13,-45.918521,-46.468732,0.5502110000000044,29
3ck0_0P,9,11,-46.578305,-47.120113,0.5418080000000032,20
4jre_0P,22,21,-42.600344,-43.13918,0.5388360000000034,43
5utz_0P,0,1,-44.153381,-44.691768,0.5383870000000002,1
6o42_0P,2,0,-45.017833,-45.55164,0.5338069999999959,2
7bsd_0P,3,7,-46.346091,-46.878524,0.5324329999999975,10
5jz7_3P,0,6,-45.959803,-46.49215,0.5323470000000015,6
1p4b_0P,3,14,-41.782753,-42.312098,0.5293449999999993,17
7kn3_0P,1,13,-43.991294,-44.512371,0.5210769999999982,14
7lq7_0P,2,7,-48.756127,-49.275651,0.5195240000000041,9
6iuv_0P,5,13,-43.194271,-43.710487,0.516216,18
1cz8_0P,12,24,-44.567773,-45.082949,0.5151759999999967,36
6ppg_0P,1,4,-48.304666,-48.819333,0.5146670000000029,5
3cfd_1H,3,7,-49.295451,-49.806308,0.5108570000000014,10
7ll1_2PH,32,44,-43.278332,-43.787639,0.5093069999999997,76
1rul_0H,9,10,-44.706318,-45.210255,0.5039369999999934,19
5j3d_1P,1,6,-48.834273,-49.338033,0.5037599999999998,7
7n08_1P,2,5,-43.941611,-44.444746,0.5031350000000003,7
7ps7_0P,16,6,-47.340883,-47.843243,0.502360000000003,22
6vbq_2P,9,12,-42.838706,-43.340048,0.5013420000000011,21
5o14_1P,12,21,-43.763539,-44.264067,0.5005279999999956,33
4kht_0P,19,4,-41.127931,-41.627968,0.5000370000000061,23
1tzh_0P,12,20,-45.801524,-46.299561,0.4980369999999965,32
7lkh_0P,2,9,-51.529602,-52.024845,0.4952430000000021,11
4lmq_1P,12,20,-47.392537,-47.885645,0.49310799999999944,32
6u02_0P,3,3,-47.626158,-48.116948,0.49079000000000406,6
7bwj_0P,1,1,-46.150305,-46.636008,0.4857029999999938,2
3fo9_1H,7,12,-45.122763,-45.607683,0.48492000000000246,19
1xgy_1P,4,8,-48.061059,-48.543667,0.48260799999999904,12
5d9q_4PH,30,26,-50.978962,-51.456777,0.47781499999999966,56
7whz_0P,3,6,-46.119663,-46.595225,0.4755619999999965,9
4lvh_2P,18,18,-44.9014,-45.376784,0.47538399999999825,36
5vqm_1P,14,17,-48.012524,-48.481879,0.4693550000000002,31
6nip_0P,7,17,-31.31492,-31.779452,0.4645319999999984,24
7rku_1P,3,3,-45.852141,-46.3129,0.4607589999999959,6
7sgm_0P,13,17,-45.285056,-45.745149,0.46009300000000053,30
6mtj_1PH,36,10,-39.843473,-40.303252,0.4597789999999975,46
6lxj_2P,10,7,-42.231113,-42.687717,0.4566039999999987,17
6plk_1P,12,18,-50.096974,-50.553409,0.45643499999999904,30
7mzk_2P,8,6,-46.508481,-46.955369,0.4468879999999942,14
3zkn_0P,10,11,-47.392214,-47.837185,0.44497099999999534,21
3hi1_0P,6,7,-44.616905,-45.061151,0.4442459999999997,13
7um3_0P,1,11,-42.858395,-43.299902,0.4415070000000014,12
4ogx_0P,3,8,-42.286383,-42.725431,0.43904799999999966,11
4hc1_0P,8,3,-48.379369,-48.815639,0.4362700000000004,11
6pe8_1P,11,10,-45.815417,-46.249391,0.4339740000000063,21
7rcs_1P,7,5,-46.151873,-46.583585,0.43171199999999743,12
7wph_0P,1,9,-45.647557,-46.076275,0.4287180000000035,10
6p95_0P,12,16,-45.43115,-45.859371,0.42822100000000063,28
5xaj_0P,16,14,-40.252531,-40.679815,0.4272840000000002,30
6orq_1P,1,2,-55.919684,-56.345118,0.42543400000000275,3
6db7_0P,10,16,-39.262747,-39.686654,0.4239069999999998,26
7rfb_1P,9,20,-37.495329,-37.91838,0.42305100000000095,29
5esv_1PH,18,21,-48.679393,-49.10183,0.42243700000000217,39
6apd_2P,14,26,-43.720888,-44.142898,0.4220100000000002,40
6dfi_0P,8,15,-47.182483,-47.604093,0.42161000000000115,23
5te6_0P,33,40,-45.144354,-45.56262,0.4182660000000027,73
6wn4_1P,2,3,-47.541405,-47.956514,0.41510900000000106,5
1i9r_2P,12,16,-47.392459,-47.806619,0.4141599999999954,28
7chc_0P,5,4,-48.795392,-49.207254,0.4118619999999993,9
7s8h_0P,10,15,-42.98083,-43.391458,0.41062800000000266,25
3ifp_1P,1,5,-46.807649,-47.218021,0.4103720000000024,6
7nd7_1PH,4,2,-44.708899,-45.118735,0.40983599999999853,6
6a79_0P,4,5,-50.256537,-50.664054,0.4075169999999986,9
6i04_1P,1,6,-45.713037,-46.120167,0.4071300000000022,7
6m3c_0P,11,13,-42.874225,-43.273834,0.3996089999999981,24
7l7e_3P,2,4,-41.644021,-42.043321,0.39929999999999666,6
7v5n_1N,11,23,-45.884054,-46.28323,0.3991760000000042,34
3rkd_1P,4,8,-44.980718,-45.37497,0.3942519999999945,12
6ii8_2P,0,0,-46.684385,-47.074988,0.3906029999999987,0
5do2_0P,0,0,-49.493023,-49.879456,0.3864329999999967,0
7eyc_0P,9,11,-51.966433,-52.352408,0.38597499999999485,20
7lop_2P,0,0,-43.385355,-43.771252,0.38589699999999993,0
3ulu_2P,1,13,-48.678536,-49.063691,0.38515499999999747,14
7tjq_2PH,8,22,-51.122051,-51.504984,0.3829330000000013,30
7rd3_1P,3,8,-46.156199,-46.533366,0.37716700000000003,11
4hcr_0P,4,6,-42.728091,-43.105067,0.3769759999999991,10
4qhu_0P,18,6,-43.374371,-43.748923,0.37455200000000133,24
4nm8_2P,11,14,-43.57007,-43.944283,0.37421299999999746,25
1ken_1P,10,6,-48.401282,-48.775355,0.37407299999999566,16
4jlr_1P,17,15,-43.763028,-44.136417,0.3733890000000031,32
6u3i_0P,10,8,-52.379126,-52.752482,0.37335600000000113,18
5w9m_0P,4,21,-47.022983,-47.394382,0.3713989999999967,25
1nak_1P,9,8,-47.867573,-48.238867,0.3712939999999989,17
6m58_1P,17,8,-44.378243,-44.748902,0.3706590000000034,25
6fy3_0P,3,8,-48.819773,-49.187149,0.36737600000000015,11
6xli_1P,4,6,-47.819302,-48.185647,0.3663450000000026,10
7ncs_0P,20,18,-51.330079,-51.695976,0.3658970000000039,38
5bk2_1P,11,17,-46.982695,-47.347257,0.3645619999999994,28
5e2w_0P,1,5,-47.0753,-47.439053,0.36375300000000266,6
6n81_1P,7,15,-43.840846,-44.200163,0.3593170000000043,22
1za3_1P,13,18,-45.248765,-45.604355,0.3555899999999994,31
5ig7_0P,5,3,-38.21292,-38.564237,0.35131700000000166,8
7zrc_0P,6,15,-43.06644,-43.416736,0.35029600000000016,21
7mzj_3P,3,5,-44.674641,-45.023127,0.3484860000000012,8
4jzj_1PH,10,17,-49.928241,-50.275078,0.34683700000000073,27
4fqk_1P,8,13,-45.761843,-46.105609,0.34376600000000224,21
3hns_0H,11,9,-49.722278,-50.06321,0.34093199999999513,20
3ifo_1P,5,4,-45.710101,-46.047574,0.3374729999999957,9
1afv_0P,2,5,-45.309914,-45.647194,0.3372799999999998,7
3ks0_1P,3,3,-46.011578,-46.346538,0.33496000000000237,6
7tuf_1P,5,7,-45.214262,-45.547702,0.33344000000000307,12
2zck_0P,5,19,-40.594015,-40.926045,0.33203000000000316,24
4dke_0P,12,16,-46.490837,-46.819853,0.32901600000000286,28
6s8j_0P,8,10,-41.942363,-42.266526,0.32416299999999865,18
6dkj_0P,2,7,-46.984714,-47.300027,0.3153130000000033,9
5jop_1H,17,21,-46.342452,-46.653322,0.3108700000000013,38
4gms_2P,6,14,-44.773201,-45.083678,0.3104769999999988,20
6umg_1P,2,6,-44.341623,-44.651505,0.30988200000000177,8
7x6l_2P,9,6,-39.996151,-40.303286,0.3071350000000024,15
7pgb_1PH,12,14,-48.970861,-49.277602,0.3067410000000024,26
7d5z_3P,17,27,-42.286474,-42.588596,0.3021220000000042,44
7zf5_0P,0,10,-46.371739,-46.669374,0.29763499999999965,10
6s8d_1P,8,5,-37.946,-38.240132,0.2941320000000047,13
7sc1_2P,4,8,-42.710518,-43.003843,0.29332500000000294,12
6qd7_0P,8,20,-47.288846,-47.581129,0.29228299999999763,28
7zfd_1P,7,7,-46.697035,-46.988831,0.29179599999999795,14
3lex_0P,2,8,-51.004899,-51.284307,0.27940799999999655,10
7ndd_2P,7,5,-45.248619,-45.527921,0.27930200000000127,12
2ajz_1H,3,12,-46.474235,-46.751963,0.2777280000000033,15
4olu_0P,27,41,-43.616559,-43.893424,0.2768650000000008,68
6rps_1P,14,23,-48.049942,-48.326606,0.2766639999999967,37
6h3t_1PH,4,11,-50.662019,-50.937236,0.2752169999999978,15
7rxj_0P,9,9,-45.65986,-45.932949,0.2730889999999988,18
5ies_0P,10,1,-39.920961,-40.193503,0.2725420000000014,11
6bb4_2P,2,10,-46.709648,-46.979881,0.2702329999999975,12
4rgn_2P,3,18,-46.352433,-46.62192,0.26948700000000514,21
7bq5_0P,6,9,-45.149796,-45.41604,0.26624400000000037,15
7dkj_0P,0,9,-43.085782,-43.350929,0.2651469999999989,9
5nuz_0P,3,5,-45.731674,-45.996721,0.2650470000000027,8
3mug_2H,21,21,-47.768669,-48.032458,0.2637889999999956,42
4jg0_0P,24,15,-45.560781,-45.811966,0.25118499999999955,39
7lkb_0P,5,5,-46.07975,-46.329142,0.24939200000000028,10
6jod_0P,4,4,-47.66772,-47.917048,0.24932799999999844,8
4ffw_1P,11,9,-53.075583,-53.31836,0.2427769999999967,20
3opz_0P,13,9,-36.886678,-37.128219,0.241540999999998,22
7tow_1P,10,14,-44.113391,-44.352546,0.23915499999999668,24
7fcp_0P,8,9,-45.523039,-45.761592,0.23855300000000312,17
6vy5_0P,4,9,-47.993575,-48.231709,0.2381340000000023,13
7s4g_2P,11,12,-40.199152,-40.437041,0.23788900000000268,23
1g9m_0P,7,22,-45.832488,-46.07003,0.2375420000000048,29
7dr4_1P,4,9,-44.849399,-45.086263,0.23686400000000418,13
1um4_0H,2,14,-42.333467,-42.567459,0.23399200000000064,16
1mh5_0H,2,6,-44.606585,-44.840181,0.23359599999999858,8
4rgm_0P,5,9,-40.437102,-40.667586,0.23048399999999702,14
4ydv_0P,26,27,-48.356267,-48.585639,0.2293719999999979,53
7tas_0P,3,9,-48.333904,-48.561663,0.22775900000000604,12
6xkp_1P,2,1,-45.748607,-45.973998,0.2253910000000019,3
7zfc_0P,6,10,-44.186266,-44.41133,0.22506399999999616,16
6nmu_1P,15,14,-37.168532,-37.392895,0.22436300000000386,29
7pnq_1P,3,2,-53.902137,-54.12384,0.22170299999999799,5
6y92_1P,0,3,-48.734061,-48.943133,0.20907200000000614,3
1mfb_0H,9,12,-46.533212,-46.740821,0.20760899999999793,21
7luc_2P,10,17,-47.031137,-47.238426,0.20728899999999584,27
7su0_1PH,5,6,-44.955669,-45.160593,0.20492399999999833,11
6flb_0P,9,13,-45.732657,-45.937249,0.2045919999999981,22
1fl6_0H,3,2,-39.953747,-40.153187,0.19944000000000273,5
7ly2_5PH,4,3,-46.003667,-46.197419,0.19375199999999637,7
8df5_3P,5,5,-48.662857,-48.853368,0.19051100000000076,10
7q9j_2P,5,8,-48.648721,-48.838561,0.18983999999999668,13
7pnm_2P,3,4,-41.82596,-42.015569,0.18960899999999725,7
5nyx_1H,11,10,-47.593785,-47.781798,0.1880130000000051,21
1fbi_0P,3,4,-47.477173,-47.661454,0.18428099999999858,7
3ubx_1P,5,7,-42.914164,-43.095827,0.18166300000000035,12
3ulv_1P,21,7,-44.312978,-44.494258,0.181280000000001,28
6ol7_1PH,5,0,-45.04334,-45.223231,0.1798909999999978,5
7rfp_1P,33,20,-42.966194,-43.145061,0.17886699999999678,53
7po5_2P,2,1,-54.410464,-54.579193,0.16872899999999902,3
4qex_1P,4,16,-43.601407,-43.756964,0.15555700000000172,20
1fsk_2P,9,13,-43.773339,-43.926597,0.153258000000001,22
6vgr_1P,13,14,-43.801414,-43.951048,0.14963399999999893,27
6ulc_0PH,21,21,-47.519219,-47.664958,0.14573899999999895,42
2y6s_1P,7,16,-44.906896,-45.050952,0.14405599999999907,23
5lbs_0P,9,13,-42.471618,-42.615497,0.1438789999999983,22
6id4_0P,9,6,-48.362926,-48.506659,0.14373299999999745,15
3tt1_0P,1,12,-44.795697,-44.938001,0.14230400000000287,13
6o9i_0P,2,0,-45.823738,-45.963859,0.1401210000000006,2
3wih_0P,3,6,-49.229956,-49.366464,0.13650799999999919,9
5iq9_0P,13,27,-43.594176,-43.726888,0.13271200000000505,40
3hae_2P,11,9,-47.399713,-47.531889,0.13217600000000118,20
5yhl_0P,5,15,-48.084016,-48.211897,0.12788100000000213,20
6ztr_0P,8,3,-49.455772,-49.581181,0.12540899999999766,11
7lue_2P,6,17,-45.546301,-45.660246,0.11394500000000107,23
4j4p_1PH,9,4,-41.735041,-41.847504,0.1124629999999982,13
7qnx_1P,7,7,-48.076143,-48.185254,0.10911099999999863,14
3qg6_0P,10,12,-49.34987,-49.455531,0.10566099999999778,22
7c4s_1P,6,6,-46.951796,-47.055606,0.10380999999999574,12
7msq_1P,1,6,-43.462837,-43.556642,0.09380499999999614,7
7mxl_1P,0,13,-42.548808,-42.641442,0.09263399999999677,13
6hgu_0H,2,8,-46.948113,-47.037978,0.08986500000000319,10
6x7w_1P,7,12,-46.726048,-46.814956,0.08890800000000354,19
5i9q_0P,27,33,-40.68968,-40.76923,0.07954999999999757,60
4lu5_1P,1,6,-40.265553,-40.344936,0.07938299999999998,7
4yhp_3P,10,16,-45.773511,-45.852495,0.07898399999999839,26
4rgn_1P,6,7,-46.664165,-46.742625,0.07845999999999975,13
6ea7_0PH,7,5,-46.396535,-46.465687,0.06915200000000254,12
7eam_0P,0,8,-47.127825,-47.195634,0.0678089999999969,8
4gaj_0P,6,3,-44.211686,-44.278144,0.06645799999999724,9
7s0c_1P,2,5,-46.635793,-46.699347,0.06355400000000344,7
7eh5_1P,7,6,-49.122611,-49.185797,0.06318600000000174,13
5dur_0P,9,12,-51.01436,-51.076982,0.06262199999999751,21
3t2n_0P,20,8,-54.230782,-54.292567,0.06178500000000042,28
5veb_0P,5,9,-47.836761,-47.892905,0.0561439999999962,14
6b5l_0P,4,7,-45.831095,-45.885308,0.054213000000004286,11
5gjt_0P,5,8,-48.706101,-48.756191,0.05009000000000441,13
4u6v_0P,4,3,-48.159402,-48.209378,0.04997600000000091,7
1uwx_1P,4,8,-44.104198,-44.150524,0.04632600000000053,12
6aj7_0P,7,12,-47.333803,-47.380102,0.04629899999999765,19
7lm9_0PH,0,4,-47.263821,-47.309674,0.04585300000000103,4
5gs0_0P,22,10,-45.319322,-45.364885,0.04556300000000135,32
5bjz_0P,11,16,-43.648224,-43.683378,0.035153999999998575,27
2fjh_1P,10,18,-43.814981,-43.844869,0.029887999999999693,28
6obd_1PH,10,15,-40.22933,-40.249936,0.02060600000000079,25
4ffz_1P,6,15,-43.262547,-43.281576,0.019029000000003293,21
7l2f_0P,2,5,-43.010969,-43.028405,0.017435999999996454,7
7cws_0P,1,9,-47.721981,-47.735048,0.013066999999999496,10
4i18_1P,10,15,-42.48336,-42.496288,0.012928000000002271,25
4ypg_0P,1,4,-42.316354,-42.328772,0.012418000000003815,5
7kex_1P,13,20,-43.462029,-43.473803,0.01177399999999551,33
6w1c_3P,11,10,-48.477111,-48.488551,0.011440000000000339,21
7dzy_0P,4,4,-43.054616,-43.064939,0.010322999999999638,8
6pzz_0P,4,3,-42.800125,-42.810074,0.009948999999998875,7
7r40_2P,6,4,-44.23299,-44.242418,0.00942799999999977,10
7fjo_1P,11,14,-48.854405,-48.863227,0.008822000000002106,25
7n8h_5P,6,6,-42.173228,-42.181404,0.00817599999999885,12
4oii_0P,1,11,-45.017948,-45.026079,0.008131000000005884,12
7d0b_0P,0,1,-44.613844,-44.621689,0.00784500000000321,1
3a6b_0P,3,7,-46.52975,-46.537517,0.00776700000000119,10
7kf9_1PH,6,10,-42.761153,-42.768764,0.007610999999997148,16
6myy_2P,5,1,-44.694881,-44.701982,0.007100999999998692,6
7e3k_0P,2,3,-41.278145,-41.285188,0.007042999999995914,5
7ki6_0P,2,6,-47.563711,-47.570697,0.006986000000004822,8
7zlk_4PH,3,14,-44.93055,-44.936995,0.006445000000006473,17
6nc2_0PH,24,24,-44.24587,-44.252099,0.006229000000004703,48
7zr9_0P,5,8,-42.987271,-42.993479,0.0062080000000008795,13
7zf5_3P,9,12,-42.860285,-42.866413,0.006128000000003908,21
6vn1_2P,10,11,-50.429683,-50.435753,0.00607000000000113,21
3j8v_3P,4,6,-45.106829,-45.11215,0.00532100000000213,10
7r8o_1P,4,0,-42.869036,-42.874269,0.0052329999999969345,4
6c6z_1P,1,1,-44.078473,-44.083438,0.004964999999998554,2
7d0c_1P,0,0,-49.895527,-49.900276,0.004748999999996784,0
6v4n_1P,12,16,-51.619576,-51.624274,0.0046979999999976485,28
2hrp_1P,5,3,-47.245886,-47.250583,0.004697000000000173,8
7ki4_1P,2,6,-42.326994,-42.33154,0.0045459999999977185,8
7xic_1P,2,0,-45.366687,-45.371232,0.004545000000000243,2
6wxl_1PH,5,8,-42.531327,-42.535661,0.00433400000000006,13
3iyw_1P,3,4,-46.967318,-46.971327,0.004009000000003482,7
6nf5_2PH,2,0,-47.273853,-47.277856,0.004002999999997314,2
7czt_0P,2,0,-50.248911,-50.252817,0.003906000000000631,2
3j8z_0P,5,6,-45.755622,-45.759236,0.003613999999998896,11
6uda_1P,1,0,-49.691172,-49.694769,0.003596999999999184,1
7sco_1P,7,8,-44.663598,-44.666981,0.0033829999999994698,15
7m8l_4PH,7,17,-44.73081,-44.734095,0.0032850000000053114,24
7l2e_0PH,4,1,-48.204484,-48.207668,0.003183999999997411,5
7czw_0P,1,1,-49.17767,-49.180853,0.003182999999999936,2
7kfh_1P,4,8,-44.747098,-44.750279,0.00318099999999788,12
7zr7_2P,8,8,-49.575859,-49.579039,0.0031800000000004047,16
3j3p_0P,3,8,-44.950659,-44.953719,0.0030599999999978422,11
3j8w_1P,6,5,-45.069064,-45.072022,0.002957999999999572,11
7q9k_0P,1,5,-46.745365,-46.748008,0.0026429999999990628,6
1mpa_0P,4,15,-41.907483,-41.909974,0.002490999999999133,19
7n5h_1P,0,4,-47.803052,-47.805531,0.002479000000001008,4
5ken_2P,5,25,-43.209425,-43.211846,0.00242099999999823,30
7wwm_2PH,8,14,-33.469476,-33.471843,0.002366999999999564,22
6wps_0P,12,6,-47.536186,-47.538418,0.0022319999999993456,18
7scn_1P,10,15,-47.524319,-47.52654,0.0022209999999986962,25
7wwl_1PH,15,10,-49.38383,-49.386011,0.0021810000000002105,25
6um5_1PH,1,0,-50.661196,-50.663363,0.00216700000000003,1
7epx_1P,1,5,-46.77236,-46.774519,0.002158999999998912,6
7lxy_3PH,12,4,-48.65498,-48.657069,0.002088999999998009,16
7kew_1P,7,18,-53.596476,-53.598445,0.0019689999999954466,25
6ea5_1PH,7,6,-50.672076,-50.673588,0.001512000000005287,13
7kej_0P,5,11,-40.334736,-40.336021,0.0012850000000028672,16
5kel_2P,5,5,-43.722215,-43.723455,0.0012400000000027944,10
6um6_2PH,13,24,-48.718862,-48.720066,0.0012040000000013151,37
7sob_2P,6,5,-42.653921,-42.654972,0.00105100000000391,11
3j42_0P,2,2,-47.805543,-47.806583,0.0010400000000032605,4
4ut6_1PH,10,9,-47.93416,-47.935114,0.0009540000000001214,19
7lg6_5P,16,22,-55.849113,-55.850041,0.0009279999999947108,38
7m8l_1P,5,14,-37.433547,-37.434465,0.0009180000000057476,19
6tys_1P,1,3,-50.854747,-50.85552,0.0007729999999952497,4
7czp_1P,6,1,-47.735596,-47.736246,0.0006500000000002615,7
6wps_0P,10,6,-45.391295,-45.391935,0.0006399999999970873,16
7m6f_0P,3,10,-50.343291,-50.343895,0.0006040000000027135,13
7e3l_2P,5,4,-42.126391,-42.126925,0.0005340000000018108,9
7rw2_2P,5,3,-47.426451,-47.426922,0.0004709999999974457,8
1nmc_0P,7,14,-49.083526,-49.083947,0.0004210000000028913,21
