code,VL,VH,angle_min,angle_max,angle_range
12e8_1,1,5,-48.485488,-54.86047,6.374982000000003
15c8_0,3,6,-42.314879,-42.314879,0.0
1a4j_1,2,4,-45.19264,-46.328059,1.135419000000006
1a4k_1,4,4,-48.487318,-51.981028,3.49371
1a5f_0,8,14,-43.615059,-43.615059,0.0
1a6t_0,13,12,-46.10003,-48.818219,2.7181890000000024
1a6u_0,2,0,-46.673304,-46.673304,0.0
1a7n_0,6,3,-43.435961,-43.435961,0.0
1a7o_0,6,3,-43.433473,-43.433473,0.0
1a7p_0,7,3,-42.551908,-42.551908,0.0
1a7q_0,9,7,-43.016414,-43.016414,0.0
1a7r_0,6,3,-43.230659,-43.230659,0.0
1ad0_1,26,12,-44.155169,-44.190602,0.035432999999997605
1ad9_1,33,18,-41.616382,-47.52812,5.911738
1ae6_0,4,4,-49.102958,-49.102958,0.0
1aif_0,5,12,-43.307642,-43.560923,0.2532810000000012
1ap2_1,0,7,-45.60092,-46.863539,1.2626190000000008
1aqk_0,9,9,-42.693679,-42.693679,0.0
1axt_0,7,12,-43.140213,-43.140213,0.0
1ay1_0,7,6,-59.928802,-59.928802,0.0
1b2w_0,18,31,-48.842083,-48.842083,0.0
1b4j_0,5,17,-49.772059,-49.772059,0.0
1bbd_0,9,10,-42.888312,-42.888312,0.0
1bbj_0,0,2,-43.342148,-43.344345,0.0021969999999953416
1bey_0,13,40,-47.428917,-47.428917,0.0
1bfo_2,23,17,-48.038922,-48.569212,0.5302900000000008
1bln_0,6,1,-47.443844,-48.428714,0.9848700000000008
1bvl_1,16,23,-40.627543,-42.400705,1.7731619999999992
1bz7_0,12,6,-48.283362,-48.283362,0.0
1c5b_0,8,12,-43.006627,-43.006627,0.0
1c5d_1,18,24,-40.260913,-41.199786,0.938873000000001
1cfq_0,8,14,-43.83072,-43.83072,0.0
1cgs_0,7,13,-43.320917,-43.320917,0.0
1ck0_0,9,11,-46.856039,-46.856039,0.0
1cl7_0,6,14,-45.502345,-45.502345,0.0
1clo_0,6,4,-46.265319,-46.265319,0.0
1cr9_0,7,8,-45.794925,-45.794925,0.0
1d5b_0,2,9,-43.780735,-44.54373,0.7629949999999965
1d5i_0,0,5,-42.192881,-42.192881,0.0
1dba_0,7,8,-46.496607,-46.496607,0.0
1dee_0,2,4,-44.014837,-46.303766,2.288929000000003
1dqd_0,5,5,-48.596385,-48.596385,0.0
1dql_0,6,8,-42.582056,-42.582056,0.0
1dqm_0,0,5,-47.38845,-48.461204,1.0727540000000033
1dsf_0,6,10,-53.020476,-53.020476,0.0
1e6o_0,1,4,-47.996991,-47.996991,0.0
1emt_0,7,13,-46.636164,-46.636164,0.0
1etz_0,6,12,-44.760129,-46.683375,1.923245999999999
1f11_0,3,6,-45.513639,-45.74234,0.22870100000000093
1f4w_0,7,12,-46.980569,-46.980569,0.0
1f8t_0,3,4,-45.934623,-47.114646,1.1800229999999985
1fai_0,1,15,-48.953195,-49.476569,0.5233739999999969
1fgn_0,3,2,-44.073583,-44.073583,0.0
1fgv_0,12,17,-42.521013,-42.521013,0.0
1fh5_0,2,3,-47.620192,-47.620192,0.0
1fl5_1,3,2,-40.776653,-41.039512,0.26285899999999884
1fn4_0,25,24,-39.248723,-45.652709,6.403986000000003
1for_0,5,10,-45.551612,-45.551612,0.0
1fvc_1,13,21,-44.795812,-46.651296,1.8554840000000041
1fvd_0,13,20,-42.771884,-44.807658,2.0357740000000035
1fve_0,13,21,-42.835063,-43.478881,0.6438180000000031
1ggc_0,7,11,-35.193287,-37.988149,2.794862000000002
1ghf_0,4,13,-46.180105,-46.180105,0.0
1gig_0,1,6,-44.529933,-44.529933,0.0
1gpo_1,38,14,-48.099456,-48.510011,0.4105549999999951
1h3p_0,8,6,-46.509903,-46.509903,0.0
1h8n_0,1,9,-44.55967,-44.55967,0.0
1h8o_0,1,8,-45.936094,-45.936094,0.0
1h8o_1,1,8,-46.684936,-48.172854,1.4879180000000005
1hez_0,1,3,-42.124242,-44.223906,2.099663999999997
1hil_1,5,4,-45.216939,-46.357817,1.1408779999999936
1hkl_0,3,8,-47.054833,-47.054833,0.0
1hq4_1,9,5,-46.939407,-47.857367,0.9179600000000008
1hzh_0,21,20,-50.340559,-51.07093,0.7303709999999981
1i9i_0,3,9,-46.721782,-46.721782,0.0
1igc_0,4,3,-46.945596,-46.945596,0.0
1igf_1,6,12,-47.576484,-49.709552,2.1330680000000015
1igi_0,4,14,-49.162829,-50.751474,1.5886449999999996
1igm_0,4,14,-46.941528,-46.941528,0.0
1igt_0,21,1,-44.577772,-47.18687,2.609097999999996
1igy_1,10,16,-49.2341,-49.804431,0.570331000000003
1il1_0,5,9,-46.823712,-46.823712,0.0
1iqw_0,0,0,-46.406483,-46.406483,0.0
1it9_0,18,11,-44.533898,-44.533898,0.0
1jfq_0,10,15,-45.197002,-45.197002,0.0
1jgv_0,2,16,-45.330903,-45.330903,0.0
1jhk_0,2,14,-43.151882,-43.151882,0.0
1jn6_0,8,19,-51.424628,-51.424628,0.0
1jnl_0,9,12,-41.097165,-41.097165,0.0
1jpt_0,14,24,-45.274488,-45.274488,0.0
1jv5_0,2,9,-53.459202,-53.459202,0.0
1k6q_0,3,2,-40.007661,-40.007661,0.0
1kcu_0,7,6,-46.365881,-46.365881,0.0
1kcv_0,10,9,-48.585297,-48.585297,0.0
1kem_0,2,7,-34.330916,-34.330916,0.0
1kfa_1,3,13,-45.511179,-45.883157,0.3719779999999986
1l7i_0,15,22,-49.503733,-49.503733,0.0
1l7t_0,15,9,-47.706093,-47.706093,0.0
1lmk_0,7,16,-34.392038,-36.398889,2.0068509999999975
1lo0_0,8,12,-45.17465,-45.240728,0.06607799999999742
1lo4_0,8,21,-47.414216,-47.414216,0.0
1m71_0,5,2,-51.635387,-51.635387,0.0
1mam_0,4,2,-50.092811,-50.092811,0.0
1mco_0,7,14,-56.880034,-56.880034,0.0
1mcp_0,2,4,-41.34454,-41.34454,0.0
1mf2_1,5,3,-47.277079,-48.252676,0.9755970000000005
1mie_0,4,20,-43.13492,-43.13492,0.0
1mim_0,4,7,-47.101979,-47.101979,0.0
1mj8_0,2,4,-45.579282,-45.579282,0.0
1mju_0,1,5,-43.12524,-43.12524,0.0
1mlb_0,3,8,-41.05011,-41.05011,0.0
1mnu_0,4,15,-45.65262,-45.65262,0.0
1moe_1,12,5,-43.348154,-45.940048,2.5918939999999964
1mqk_0,7,6,-45.669397,-45.669397,0.0
1mrc_0,0,42,-45.857735,-45.857735,0.0
1n4x_1,7,16,-49.637085,-52.597685,2.9605999999999995
1nbv_0,0,3,-42.654584,-42.654584,0.0
1nc2_0,5,12,-44.206611,-45.878785,1.6721739999999983
1ngq_0,1,0,-47.555275,-47.555275,0.0
1ngy_0,6,6,-48.499141,-48.499141,0.0
1ngz_0,4,4,-48.313433,-48.313433,0.0
1nj9_0,12,17,-47.35305,-49.887301,2.5342509999999976
1nld_0,0,7,-41.099015,-41.099015,0.0
1oaq_0,2,3,-47.618688,-47.618688,0.0
1ocw_0,2,3,-51.414246,-51.414246,0.0
1opg_0,2,9,-46.728626,-47.849295,1.1206689999999995
1p4i_0,3,13,-43.089297,-43.089297,0.0
1plg_0,1,3,-45.204094,-45.204094,0.0
1psk_0,8,10,-48.777037,-48.777037,0.0
1q0x_0,5,9,-47.746648,-47.746648,0.0
1q9l_0,1,2,-41.132318,-43.167252,2.034934
1q9o_0,4,5,-44.292657,-45.081043,0.7883860000000027
1qbl_0,0,4,-43.952445,-46.053042,2.1005970000000005
1qlr_0,2,2,-45.453049,-47.210325,1.7572759999999974
1qok_0,3,10,-45.102489,-45.102489,0.0
1r24_0,12,6,-49.068319,-50.432952,1.3646329999999978
1rfd_0,4,7,-45.22422,-45.22422,0.0
1rhh_0,8,16,-45.344466,-45.344466,0.0
1rhh_0,8,17,-47.211937,-47.211937,0.0
1rih_0,6,21,-47.535694,-47.535694,0.0
1rmf_0,4,22,-42.528114,-42.528114,0.0
1rur_0,9,15,-46.286848,-46.551727,0.26487900000000053
1rz7_0,6,13,-41.447869,-41.447869,0.0
1rz8_1,5,22,-44.126661,-45.85095,1.7242889999999989
1rzf_0,6,21,-42.545769,-42.545769,0.0
1rzi_4,3,7,-38.166779,-43.962035,5.795256000000002
1sbs_0,4,3,-49.223185,-49.223185,0.0
1seq_0,7,5,-48.031124,-48.031124,0.0
1t04_1,18,20,-43.696462,-45.677224,1.9807620000000057
1t2q_0,8,5,-44.341563,-44.341563,0.0
1t4k_1,9,12,-45.655529,-46.119414,0.46388499999999766
1u6a_0,6,7,-43.993882,-43.993882,0.0
1ub6_1,10,12,-32.43931,-35.30233,2.863019999999999
1ucb_0,5,8,-47.218931,-47.218931,0.0
1um6_0,2,14,-42.400642,-42.400642,0.0
1uwe_2,8,23,-48.954814,-49.926897,0.9720829999999978
1uyw_0,3,20,-43.603454,-44.183609,0.5801549999999978
1uz6_0,2,2,-45.677357,-49.114713,3.437356000000001
1vfa_0,5,3,-42.890381,-42.890381,0.0
1wc7_1,9,6,-44.759831,-44.759831,0.0
1wt5_0,14,8,-39.832837,-43.842739,4.009902000000004
1wz1_0,1,5,-46.71238,-49.404638,2.6922579999999954
1xf2_1,2,5,-44.835512,-44.835512,0.0
1xf2_1,2,7,-44.349676,-45.239856,0.8901800000000009
1yeh_0,5,17,-51.254932,-51.254932,0.0
1ymh_1,6,5,-42.441973,-46.029246,3.5872730000000033
1za6_1,10,18,-45.921656,-47.694946,1.773290000000003
1zan_0,19,23,-42.683926,-42.683926,0.0
1zvo_1,8,19,-44.241673,-44.242293,0.0006199999999978445
2a6j_0,0,10,-45.01214,-49.004131,3.9919909999999987
2a77_0,7,10,-47.083492,-47.083492,0.0
2a9m_0,18,16,-42.447893,-42.628647,0.1807540000000003
2a9n_0,18,16,-42.299583,-42.299583,0.0
2a9n_1,18,16,-42.815162,-42.815162,0.0
2aab_0,4,2,-49.751179,-49.751179,0.0
2adj_0,4,2,-48.99447,-49.12675,0.1322800000000015
2agj_0,10,15,-42.86012,-42.86012,0.0
2ai0_0,7,10,-48.157664,-51.114336,2.9566720000000046
2aj3_1,16,18,-45.731994,-47.344143,1.6121490000000023
2aju_0,3,12,-46.048856,-46.190802,0.14194599999999724
2bfv_0,15,19,-47.131043,-49.729868,2.598825000000005
2c1o_0,6,16,-47.257646,-47.622724,0.3650779999999969
2d03_0,8,4,-43.260741,-43.260741,0.0
2d7t_0,15,8,-31.236478,-31.236478,0.0
2dqu_0,4,7,-47.391534,-50.184002,2.7924679999999995
2eh7_0,7,14,-45.755114,-45.755114,0.0
2f5a_0,14,14,-40.753638,-40.753638,0.0
2fat_0,4,11,-46.389709,-46.389709,0.0
2fgw_0,12,28,-47.244262,-47.244262,0.0
2fjf_9,10,15,-39.71709,-43.38747,3.6703800000000015
2fl5_0,13,25,-45.886402,-47.1155,1.2290980000000005
2g2r_1,8,13,-46.082964,-46.082964,0.0
2g60_0,8,25,-43.847462,-43.847462,0.0
2g75_0,2,3,-43.469043,-43.758285,0.28924200000000155
2gcy_0,20,13,-45.044538,-45.044538,0.0
2gfb_1,2,1,-51.26337,-52.496716,1.2333459999999974
2gjj_0,13,24,-46.821901,-46.821901,0.0
2gjj_1,13,23,-50.249172,-50.249172,0.0
2gjz_0,5,5,-42.25555,-45.67143,3.4158800000000014
2gki_1,4,2,-43.998956,-43.998956,0.0
2gsg_0,1,5,-45.277395,-47.700517,2.4231219999999993
2hff_1,11,16,-38.047851,-39.652837,1.6049859999999967
2hkh_0,1,8,-38.655664,-38.655664,0.0
2hwz_0,19,14,-44.107405,-44.107405,0.0
2ig2_0,12,19,-41.474161,-43.616874,2.1427130000000005
2ipt_0,0,10,-44.552245,-44.552245,0.0
2iq9_0,0,9,-44.525225,-44.525225,0.0
2iqa_1,0,9,-42.942058,-44.342941,1.4008830000000003
2o5z_0,7,8,-45.348132,-45.348132,0.0
2ojz_1,3,20,-46.396106,-46.663747,0.2676409999999976
2op4_0,7,14,-43.561434,-43.561434,0.0
2orb_1,10,9,-49.474089,-49.474089,0.0
2orb_1,36,9,-46.155905,-46.155905,0.0
2pr4_0,14,14,-40.753638,-40.753638,0.0
2q76_1,5,13,-41.89457,-42.450944,0.5563739999999981
2r6p_0,6,4,-43.626238,-43.63499,0.008752000000001203
2rcj_9,20,19,-41.468687,-41.474773,0.006085999999996261
2rcs_0,0,2,-45.587887,-45.587887,0.0
2uyl_3,6,5,-43.126819,-43.874558,0.7477390000000028
2v7h_0,3,10,-45.59241,-46.654219,1.0618089999999967
2v7n_0,13,10,-43.210733,-44.657566,1.4468330000000051
2vl5_0,3,9,-43.583429,-43.624839,0.04140999999999906
2vq1_0,6,12,-43.967393,-45.637942,1.6705490000000012
2vxu_1,3,17,-49.72376,-50.249685,0.5259250000000009
2vxv_0,5,9,-45.174077,-45.174077,0.0
2w60_0,0,4,-41.50958,-41.50958,0.0
2w9d_0,4,13,-48.013649,-48.013649,0.0
2xkn_1,1,4,-49.951937,-49.951937,0.0
2xzc_0,2,1,-50.270941,-50.39654,0.12559900000000113
2ymx_0,12,5,-49.269677,-49.269677,0.0
2z4q_0,8,15,-48.701316,-48.701316,0.0
2z91_0,8,7,-54.448248,-54.948297,0.5000489999999971
2zkh_0,6,7,-48.673797,-48.673797,0.0
32c2_0,7,2,-45.765495,-45.765495,0.0
3aaz_1,14,7,-40.757803,-41.781858,1.024054999999997
3auv_0,11,16,-39.863994,-40.040356,0.17636200000000457
3auv_4,11,16,-39.845977,-40.661486,0.8155089999999987
3bkm_0,9,11,-44.022082,-44.85556,0.8334779999999995
3c5s_0,7,12,-48.314282,-48.314282,0.0
3cfc_0,1,8,-35.667083,-35.667083,0.0
3cfe_1,3,7,-49.3677,-49.491303,0.1236030000000028
3cfj_2,8,11,-48.804291,-51.132384,2.3280930000000026
3cle_0,8,3,-45.825776,-45.825776,0.0
3clf_0,8,2,-46.586141,-46.586141,0.0
3cm9_2,9,14,-45.473923,-46.732994,1.2590709999999987
3cmo_0,8,3,-44.572896,-45.955109,1.3822130000000001
3cvi_0,4,3,-45.053912,-45.053912,0.0
3d69_1,17,4,-48.475058,-49.356946,0.8818880000000036
3dgg_0,1,5,-40.476492,-43.194153,2.7176609999999997
3dif_1,3,5,-47.280005,-47.424828,0.14482299999999526
3eo0_0,6,11,-43.809195,-44.067004,0.2578089999999946
3eo9_0,10,23,-49.159382,-49.159382,0.0
3eot_0,18,11,-46.948963,-46.948963,0.0
3esu_0,7,4,-50.686662,-50.686662,0.0
3esv_0,8,8,-51.166651,-51.166651,0.0
3esv_1,8,7,-50.596293,-50.596293,0.0
3et9_0,8,4,-49.549282,-49.549282,0.0
3eyo_0,9,26,-47.441604,-48.902717,1.4611130000000045
3eyq_0,0,0,-45.289779,-45.289779,0.0
3eyv_1,26,21,-47.389816,-47.389816,0.0
3f12_1,0,0,-46.117591,-50.41114,4.293549000000006
3fku_0,4,13,-42.665535,-44.328792,1.6632570000000015
3fku_3,4,13,-43.271289,-43.271289,0.0
3fku_5,4,13,-43.69774,-44.969788,1.272047999999998
3fzu_1,8,18,-40.66139,-41.50123,0.8398400000000024
3g5x_1,5,7,-47.725388,-49.310965,1.5855770000000007
3g5z_0,4,7,-46.223992,-46.223992,0.0
3g6a_0,21,12,-44.866763,-47.531746,2.6649829999999994
3gbm_0,8,15,-43.036513,-43.036513,0.0
3gbm_1,8,15,-43.934335,-43.934335,0.0
3gbn_0,7,15,-44.319457,-45.15624,0.836782999999997
3giz_0,0,3,-46.358167,-46.358167,0.0
3gje_1,11,7,-43.516926,-45.114018,1.5970920000000035
3gkw_0,28,21,-37.223263,-37.223263,0.0
3gkz_0,3,11,-48.880657,-48.923284,0.04262700000000308
3gm0_0,3,11,-48.022884,-49.567893,1.5450090000000003
3gnm_0,5,15,-45.383211,-45.383211,0.0
3hc0_0,16,16,-44.318917,-44.357534,0.03861700000000212
3hc3_0,17,17,-46.999378,-46.999378,0.0
3hc4_0,17,16,-48.791603,-48.791603,0.0
3hi5_0,4,8,-45.397923,-45.397923,0.0
3hmw_0,1,12,-43.991269,-43.991269,0.0
3i2c_0,7,11,-45.526757,-45.526757,0.0
3i75_0,8,14,-40.317091,-40.317091,0.0
3ijy_1,2,3,-42.60826,-43.258262,0.6500020000000006
3inu_0,4,8,-45.540524,-45.840719,0.3001950000000022
3iu4_0,0,0,-47.270089,-47.270089,0.0
3ixy_0,7,9,-49.946669,-49.956732,0.010063000000002376
3iy0_0,16,31,-50.482156,-50.482156,0.0
3iy1_0,17,20,-40.542635,-40.542635,0.0
3iy2_0,8,18,-41.948726,-41.948726,0.0
3iy3_0,8,18,-42.063836,-42.063836,0.0
3iy4_0,5,7,-40.343045,-40.343045,0.0
3iy6_0,24,18,-41.84363,-41.84363,0.0
3iy7_0,26,18,-41.908743,-41.908743,0.0
3j2y_0,5,1,-54.185112,-54.195066,0.009954000000000462
3j30_0,1,7,-45.743922,-45.752608,0.008686000000004412
3j42_1,2,2,-47.80396,-47.80396,0.0
3j6u_0,8,14,-38.890585,-38.890585,0.0
3j7e_2,2,9,-41.638902,-41.645877,0.006974999999997067
3j8d_1,10,27,-43.261011,-43.26367,0.002658999999994194
3j93_0,7,26,-51.198245,-51.199905,0.001660000000001105
3jcc_0,29,26,-47.659999,-47.659999,0.0
3juy_1,22,20,-49.814085,-49.814085,0.0
3juy_4,22,20,-50.173127,-50.910897,0.7377699999999976
3kym_4,9,10,-45.624313,-53.699445,8.075131999999996
3l1o_0,7,5,-52.818672,-52.818672,0.0
3l7e_1,2,8,-50.851828,-52.660392,1.808564000000004
3l7f_1,13,13,-46.277568,-47.289566,1.0119979999999984
3lrs_2,21,21,-47.621681,-50.901184,3.2795029999999983
3ls4_0,2,7,-47.73351,-48.314031,0.5805209999999974
3mbx_0,2,8,-46.127266,-46.127266,0.0
3mck_0,7,4,-46.153278,-46.684699,0.5314210000000017
3mj8_0,25,22,-43.449957,-44.357539,0.907582000000005
3mo1_0,10,6,-33.357282,-44.716061,11.358779000000006
3mug_0,21,21,-47.434829,-48.361574,0.9267449999999968
3mug_4,21,21,-48.962949,-48.962949,0.0
3mxv_0,5,21,-47.824892,-47.824892,0.0
3n9g_0,3,4,-46.972329,-46.972329,0.0
3na9_0,8,6,-46.026204,-46.026204,0.0
3naa_0,8,4,-46.539955,-46.539955,0.0
3nab_0,8,2,-46.106847,-46.106847,0.0
3nac_0,8,2,-45.365689,-45.365689,0.0
3ncj_0,7,4,-46.907417,-46.907417,0.0
3nfs_0,16,17,-45.470957,-45.470957,0.0
3nn8_0,5,43,-41.448596,-45.674316,4.2257199999999955
3nz8_1,4,13,-43.99601,-46.199292,2.2032820000000015
3nzh_0,0,2,-46.229907,-46.229907,0.0
3o11_1,10,16,-44.151976,-46.973334,2.8213580000000036
3o6k_0,3,4,-45.453835,-45.453835,0.0
3oaz_1,16,31,-43.214247,-43.214247,0.0
3ojd_0,7,9,-43.187357,-43.187357,0.0
3oz9_0,4,12,-44.41183,-44.41183,0.0
3p0v_1,13,17,-44.066636,-45.007841,0.9412049999999965
3phq_0,4,9,-42.088262,-42.088262,0.0
3piq_5,6,10,-45.69789,-47.778057,2.080166999999996
3pp3_1,10,15,-44.887753,-46.276644,1.388891000000001
3q6f_3,6,10,-46.031765,-47.710513,1.6787479999999988
3q6g_1,16,11,-42.737555,-45.762474,3.024918999999997
3qeg_0,2,16,-43.363964,-43.363964,0.0
3qeh_2,10,19,-43.993648,-46.381328,2.387680000000003
3qhf_0,6,8,-44.406785,-44.406785,0.0
3qhz_0,6,10,-40.745318,-40.745318,0.0
3qhz_1,5,27,-41.510589,-41.510589,0.0
3qo1_0,14,17,-40.80336,-44.03503,3.231670000000001
3qpq_1,1,13,-44.615047,-46.609391,1.9943440000000052
3qpx_0,23,25,-46.816694,-46.816694,0.0
3qq9_0,3,2,-41.208278,-43.270494,2.0622159999999994
3qrg_0,17,6,-43.847356,-43.847356,0.0
3r06_1,18,18,-40.141757,-48.787743,8.645986
3rvt_0,9,2,-44.105266,-44.105266,0.0
3rvt_0,9,3,-43.38342,-43.38342,0.0
3s34_0,14,1,-45.813747,-45.813747,0.0
3s62_0,0,1,-47.705156,-47.705156,0.0
3s96_0,2,4,-51.201636,-51.938885,0.7372489999999985
3sgd_0,1,6,-44.068533,-46.825981,2.7574479999999966
3sqo_0,12,9,-41.193536,-41.193536,0.0
3tcl_0,16,22,-46.831597,-47.607746,0.7761489999999966
3tnm_0,11,13,-54.186881,-54.186881,0.0
3tnm_0,11,33,-51.799965,-51.799965,0.0
3tnn_2,5,10,-43.618034,-45.9661,2.3480659999999958
3u0w_0,2,3,-46.064455,-46.064455,0.0
3u36_0,15,18,-45.371394,-45.774212,0.40281799999999635
3u46_1,22,22,-47.039367,-49.5688,2.5294330000000045
3u6r_0,6,21,-47.102883,-47.295031,0.1921480000000031
3u7w_0,29,40,-43.644402,-43.644402,0.0
3u9u_1,0,8,-44.954941,-44.954941,0.0
3uls_0,21,7,-44.093588,-44.093588,0.0
3uls_1,21,7,-49.241214,-49.241214,0.0
3utz_0,2,5,-49.237418,-49.237418,0.0
3utz_0,5,5,-49.220648,-49.220648,0.0
3utz_0,5,6,-48.313826,-48.313826,0.0
3v0v_0,22,13,-40.087437,-41.383713,1.2962759999999989
3v6f_0,2,4,-46.689831,-48.443732,1.753900999999999
3vfg_0,6,6,-43.789697,-43.789697,0.0
3vg0_0,11,13,-45.890669,-45.890669,0.0
3w9d_0,4,21,-46.714531,-47.616869,0.9023380000000003
3we6_0,3,8,-41.292931,-41.292931,0.0
3wii_1,3,6,-46.425311,-48.904145,2.478833999999999
3x3g_0,0,10,-46.816559,-46.816559,0.0
43c9_1,6,11,-41.590962,-44.16222,2.5712580000000003
4a6y_0,1,1,-43.712156,-43.712156,0.0
4a6y_1,3,4,-42.909403,-42.909403,0.0
4aeh_0,5,9,-43.98996,-43.98996,0.0
4amk_0,1,9,-45.047629,-45.047629,0.0
4at6_7,2,12,-51.475509,-52.075012,0.5995029999999986
4at6_7,2,13,-50.829993,-50.993363,0.16337000000000046
4at6_7,2,22,-51.133393,-51.664749,0.5313560000000024
4at6_7,2,23,-53.495931,-53.495931,0.0
4at6_7,2,24,-53.856379,-53.856379,0.0
4buh_0,12,13,-45.544331,-45.544331,0.0
4buh_1,12,13,-45.047532,-45.047532,0.0
4c2i_0,3,4,-44.13159,-48.054517,3.9229269999999943
4cau_1,17,14,-58.076744,-58.078722,0.0019780000000011455
4d9l_3,1,11,-44.917164,-47.304837,2.3876729999999995
4dcq_0,3,4,-49.377374,-49.377374,0.0
4dn3_0,12,2,-41.932153,-41.932153,0.0
4dvb_1,11,10,-49.422962,-50.011004,0.5880420000000015
4ebq_0,7,17,-46.457033,-46.457033,0.0
4ers_0,4,5,-43.36967,-43.36967,0.0
4evn_2,0,14,-45.786273,-46.036242,0.2499690000000001
4f33_0,9,12,-47.780751,-48.175912,0.39516099999999454
4f57_0,13,21,-44.872068,-44.872068,0.0
4f58_2,14,21,-46.344126,-47.443229,1.0991029999999995
4fnl_1,14,42,-44.810534,-44.810534,0.0
4fqi_0,12,17,-40.432206,-47.23327,6.801063999999997
4fql_0,3,12,-50.037076,-50.037076,0.0
4fqq_1,0,0,-41.790321,-43.513467,1.7231459999999998
4fze_0,15,14,-38.556526,-38.556526,0.0
4g5z_0,1,7,-42.715123,-42.715123,0.0
4g6k_0,15,18,-45.301239,-45.301239,0.0
4gay_0,6,3,-41.332061,-41.332061,0.0
4gmt_0,6,14,-41.931049,-43.490584,1.5595349999999968
4gqp_0,3,11,-47.996766,-47.996766,0.0
4gsd_0,9,4,-42.834958,-42.834958,0.0
4gxv_0,7,5,-43.80241,-44.013381,0.21097100000000069
4h0g_0,1,9,-47.442693,-47.442693,0.0
4h20_0,4,8,-49.021149,-49.021149,0.0
4hdi_0,1,7,-50.083055,-52.778407,2.6953519999999997
4hfw_1,12,16,-39.427805,-41.427765,1.9999600000000015
4hg4_7,7,13,-42.801669,-45.003066,2.201397
4hh9_1,8,11,-43.753529,-43.873484,0.11995499999999737
4hie_0,5,10,-42.287815,-42.287815,0.0
4hie_0,23,10,-41.578522,-41.578522,0.0
4hjj_0,18,11,-46.747165,-46.747165,0.0
4hk0_1,1,0,-38.953864,-40.858482,1.9046179999999993
4hk3_0,1,3,-40.591049,-40.591049,0.0
4hqq_0,6,4,-44.815327,-44.815327,0.0
4hwe_0,6,2,-42.635655,-42.635655,0.0
4hxa_0,5,2,-45.079968,-45.079968,0.0
4hxb_0,5,6,-43.532982,-43.532982,0.0
4imk_0,1,0,-42.393156,-44.659102,2.2659459999999996
4iml_0,1,0,-43.62488,-45.139625,1.514745000000005
4ioi_0,23,23,-43.008261,-46.575834,3.567573000000003
4isv_0,4,5,-42.724435,-44.534289,1.8098540000000014
4j1u_2,3,0,-41.38509,-43.484721,2.0996310000000022
4j1u_2,8,0,-43.967124,-43.967124,0.0
4jdv_0,5,0,-43.511147,-43.511147,0.0
4jfy_0,24,16,-44.079759,-44.786285,0.7065259999999967
4jha_0,6,21,-44.542274,-44.542274,0.0
4jn1_0,12,18,-44.085366,-44.085366,0.0
4jpi_0,5,0,-42.043294,-43.586554,1.5432599999999965
4jy5_0,29,26,-47.991173,-47.991173,0.0
4jzn_1,2,14,-42.965051,-42.965051,0.0
4jzo_1,9,16,-46.709466,-46.709466,0.0
4k23_0,0,12,-50.094058,-50.094058,0.0
4k7p_0,12,18,-46.611096,-46.611096,0.0
4kaq_0,4,8,-47.18964,-47.18964,0.0
4kmt_0,0,0,-44.877688,-44.877688,0.0
4kph_1,2,6,-49.739157,-51.276391,1.537233999999998
4kq3_0,6,3,-46.966575,-46.966575,0.0
4kq4_0,0,23,-47.016365,-47.016365,0.0
4ktd_0,20,16,-51.233667,-51.233667,0.0
4kte_0,18,10,-47.5073,-47.5073,0.0
4kuz_0,0,1,-48.049251,-48.049251,0.0
4kvc_0,3,2,-47.446448,-47.446448,0.0
4ky1_0,17,14,-44.25356,-44.25356,0.0
4lci_0,7,5,-41.871665,-41.871665,0.0
4lex_0,8,14,-47.27377,-47.27377,0.0
4lkc_0,1,2,-44.784675,-44.784675,0.0
4llu_0,15,22,-46.095123,-47.27554,1.1804169999999985
4llv_0,12,17,-44.170804,-46.766021,2.595217000000005
4llv_0,14,21,-46.593827,-46.593827,0.0
4llw_0,16,23,-43.805812,-44.826562,1.0207499999999996
4lly_1,17,23,-46.383095,-46.564899,0.18180399999999963
4lri_1,6,13,-43.812286,-45.936594,2.124307999999999
4lrn_0,0,20,-42.589977,-42.589977,0.0
4m43_0,7,11,-44.977745,-44.977745,0.0
4m5y_0,10,11,-43.877553,-43.995949,0.11839600000000416
4m61_1,1,9,-46.26883,-46.522319,0.25348900000000185
4m6n_0,9,6,-39.363454,-39.534416,0.17096200000000294
4m7k_0,4,10,-42.627812,-42.627812,0.0
4ma1_1,4,3,-38.444355,-38.444355,0.0
4ma1_2,4,3,-36.901752,-44.556636,7.654883999999996
4mau_0,5,8,-45.53454,-45.53454,0.0
4ncc_1,1,4,-46.770357,-46.849588,0.07923100000000005
4nhh_1,15,31,-46.352561,-46.352561,0.0
4nhh_1,15,41,-42.804438,-46.357865,3.5534269999999992
4nkd_3,5,44,-41.479867,-45.302602,3.8227350000000015
4nki_0,2,9,-45.190816,-45.190816,0.0
4nkm_2,5,44,-46.660984,-47.617903,0.9569189999999992
4nko_0,5,7,-44.078527,-44.409922,0.33139500000000055
4nm4_1,11,14,-42.516252,-42.757237,0.240985000000002
4npy_1,4,0,-42.290631,-42.619518,0.3288870000000017
4nrx_2,4,8,-45.518381,-48.426839,2.908458000000003
4nrz_1,10,8,-44.629317,-44.731941,0.10262399999999872
4nug_0,15,27,-44.178004,-44.178004,0.0
4nuj_0,14,28,-44.998048,-44.998048,0.0
4nyl_0,4,7,-41.831133,-42.624467,0.7933340000000015
4nyl_3,4,7,-43.44358,-43.44358,0.0
4o5l_0,9,15,-38.479889,-38.479889,0.0
4oaw_0,8,12,-42.90074,-43.116984,0.2162440000000032
4ob5_0,0,2,-45.409609,-45.409609,0.0
4ocy_0,3,9,-43.862257,-45.249925,1.387667999999998
4ods_0,2,11,-35.807637,-35.807637,0.0
4odu_1,3,1,-49.796249,-51.008721,1.2124719999999982
4odw_1,10,4,-50.366292,-51.543777,1.1774849999999972
4osu_0,9,15,-44.516315,-44.516315,0.0
4otx_1,1,4,-38.302464,-38.637546,0.3350819999999999
4ouu_1,2,14,-47.641685,-48.595892,0.9542069999999967
4p48_0,44,32,-41.663806,-41.663806,0.0
4pb9_0,1,15,-49.009107,-49.009107,0.0
4poz_0,2,9,-52.16742,-52.16742,0.0
4ptt_0,11,11,-40.481815,-40.481815,0.0
4pub_0,3,14,-40.429931,-40.429931,0.0
4py7_1,2,10,-44.813676,-45.211678,0.3980019999999982
4q2z_1,12,10,-42.841189,-43.819034,0.9778450000000021
4qhk_3,3,1,-45.906691,-47.683258,1.776567
4qhl_0,3,17,-47.977233,-48.796955,0.8197219999999987
4qhm_1,22,17,-46.385281,-47.900695,1.5154139999999998
4qhn_0,22,22,-48.745773,-48.745773,0.0
4qt5_0,7,14,-42.49215,-46.116987,3.6248369999999994
4qth_0,2,9,-42.489772,-42.55205,0.06227799999999917
4qxg_0,6,6,-44.494848,-44.494848,0.0
4r4b_2,8,15,-48.678327,-48.929521,0.25119399999999814
4r4b_2,44,15,-47.756209,-49.368184,1.611975000000001
4r7d_4,9,15,-45.341919,-48.936859,3.594940000000001
4r7n_1,10,16,-45.199476,-47.664798,2.4653220000000005
4r90_0,27,14,-52.215278,-52.215278,0.0
4r96_3,23,23,-41.206147,-44.870534,3.664386999999998
4r97_0,6,15,-51.40038,-51.40038,0.0
4rfe_2,14,15,-43.6365,-44.997947,1.3614470000000054
4rir_1,1,0,-45.112175,-45.973722,0.8615470000000016
4rnr_1,24,30,-49.07477,-49.679764,0.6049939999999978
4s2s_0,6,10,-47.608109,-49.018942,1.4108330000000038
4trp_0,2,37,-47.782908,-47.782908,0.0
4uif_2,3,7,-38.464735,-46.574637,8.109902000000005
4uik_0,4,4,-49.257827,-49.257827,0.0
4uim_1,5,8,-51.47051,-53.819853,2.3493430000000046
4uok_0,2,17,-29.193569,-29.193569,0.0
4uom_0,15,11,-51.181325,-51.181325,0.0
4ut7_0,15,14,-45.381346,-45.381346,0.0
4uv4_0,10,3,-43.677404,-43.677404,0.0
4wcy_0,5,8,-41.303504,-41.303504,0.0
4x0k_1,5,42,-44.833161,-45.641977,0.8088160000000002
4x4x_1,14,21,-43.851928,-43.851928,0.0
4x80_0,3,5,-51.364993,-51.364993,0.0
4x8j_1,12,46,-47.745141,-47.745141,0.0
4x8j_1,12,47,-48.236235,-48.236235,0.0
4xcn_5,12,17,-42.793627,-46.650371,3.856743999999999
4xml_0,12,19,-45.418577,-45.418577,0.0
4xpt_0,3,6,-48.085687,-48.130025,0.04433800000000332
4yaq_1,15,18,-45.167469,-47.524914,2.3574450000000056
4ygv_0,12,15,-46.107056,-46.884989,0.7779329999999973
4yhl_0,13,15,-42.317457,-42.317457,0.0
4yhn_0,12,15,-44.249365,-47.108218,2.8588530000000034
4yhp_2,10,16,-46.1246,-46.839506,0.7149059999999992
4yny_1,32,19,-45.941018,-46.350592,0.4095739999999992
4zd3_0,2,0,-45.157687,-45.157687,0.0
4zyk_1,10,9,-43.153584,-45.048246,1.8946619999999967
5a16_0,3,14,-46.579052,-48.794398,2.215346000000004
5adp_0,3,1,-48.466339,-48.466339,0.0
5anm_0,6,15,-41.992576,-41.992576,0.0
5anm_2,6,15,-41.558972,-41.558972,0.0
5awn_0,24,34,-45.289552,-45.289552,0.0
5ayu_0,2,7,-39.708143,-39.708143,0.0
5az2_0,2,5,-41.328954,-41.328954,0.0
5aze_0,28,0,-44.784911,-44.784911,0.0
5b3n_0,1,4,-47.714867,-47.714867,0.0
5b4m_1,3,7,-49.088146,-50.293941,1.2057949999999948
5b6f_1,4,6,-43.215033,-43.215033,0.0
5bk5_0,0,2,-46.258368,-46.258368,0.0
5bk5_0,0,3,-44.547241,-44.547241,0.0
5bk5_0,0,5,-45.434186,-45.434186,0.0
5bk5_0,1,3,-46.025122,-46.025122,0.0
5bvj_1,1,6,-45.435767,-47.949418,2.513651000000003
5bzd_0,10,15,-46.050205,-47.894849,1.8446440000000024
5bzw_0,12,18,-46.507286,-46.507286,0.0
5c0s_0,7,15,-44.795246,-44.795246,0.0
5c2b_0,13,0,-45.636985,-45.636985,0.0
5c6w_0,15,0,-42.848494,-45.739765,2.891270999999996
5cd3_3,17,32,-42.05952,-42.81164,0.7521199999999979
5cex_1,24,16,-48.124573,-48.124573,0.0
5cey_1,34,17,-39.811471,-39.811471,0.0
5cgy_0,12,10,-47.929002,-47.929002,0.0
5cgy_0,13,10,-50.378183,-50.378183,0.0
5chn_1,3,17,-43.532076,-43.679869,0.14779299999999296
5cma_0,0,11,-47.600777,-47.600777,0.0
5cp7_0,4,5,-44.640924,-46.149115,1.5081910000000036
5d7s_0,18,18,-45.494325,-45.494325,0.0
5dd1_0,14,40,-51.390528,-51.390528,0.0
5dd3_0,15,40,-51.404583,-51.404583,0.0
5dd5_0,14,22,-49.770021,-49.770021,0.0
5dd6_0,14,22,-51.732398,-53.059794,1.3273959999999931
5dk3_1,20,20,-42.862407,-42.977262,0.1148550000000057
5dqj_1,2,10,-43.977675,-46.979046,3.001370999999999
5dr5_0,13,9,-43.058297,-43.058297,0.0
5drw_0,3,5,-47.361235,-47.361235,0.0
5e2u_0,1,5,-47.900026,-47.900026,0.0
5esa_0,2,13,-41.47579,-41.47579,0.0
5euk_0,4,6,-47.325763,-50.022691,2.6969279999999998
5euk_0,4,12,-48.444869,-48.444869,0.0
5ewi_0,12,29,-43.852073,-43.852073,0.0
5ezl_1,6,4,-45.757324,-48.985505,3.2281810000000064
5f6h_1,19,12,-43.289869,-44.001916,0.7120469999999983
5f6i_0,17,8,-46.297216,-46.297216,0.0
5f7e_0,4,0,-42.313635,-42.313635,0.0
5fcs_0,20,9,-50.877633,-50.877633,0.0
5fcs_1,0,2,-43.967581,-43.967581,0.0
5feh_2,17,18,-43.298514,-43.298514,0.0
5feh_2,17,40,-45.0906,-45.0906,0.0
5fha_0,12,20,-48.838392,-48.838392,0.0
5fhb_0,16,11,-45.115281,-45.115281,0.0
5fuz_0,17,22,-47.174388,-48.641007,1.4666190000000014
5ggq_0,1,9,-43.12403,-43.12403,0.0
5ggu_1,3,0,-42.788763,-43.658401,0.8696379999999948
5gkr_1,2,7,-46.588316,-46.588316,0.0
5gks_1,2,4,-50.368151,-52.791286,2.423135000000002
5grv_0,13,11,-42.709124,-42.709124,0.0
5grw_1,13,11,-44.215213,-44.917103,0.7018899999999988
5grx_1,13,12,-45.511638,-47.251585,1.7399470000000008
5gry_1,13,12,-43.205904,-44.129401,0.9234970000000047
5grz_0,13,13,-45.553286,-46.011305,0.4580190000000002
5gs0_3,5,5,-47.046019,-52.599524,5.553505000000001
5gs1_13,13,11,-44.128791,-45.760802,1.6320109999999985
5gs3_0,8,13,-44.870743,-44.921661,0.050918000000002905
5gz0_1,6,8,-48.708803,-49.755092,1.0462889999999945
5gzr_0,3,1,-69.377528,-69.380093,0.0025650000000041473
5h2b_0,3,13,-49.672874,-49.672874,0.0
5hcg_0,8,16,-42.132904,-43.293224,1.1603199999999987
5hcg_1,22,20,-45.20544,-45.20544,0.0
5i16_0,0,0,-42.452184,-43.550237,1.0980530000000002
5i17_1,0,0,-46.955594,-46.955594,0.0
5i17_1,0,7,-45.786658,-45.786658,0.0
5i18_0,0,0,-42.817703,-42.817703,0.0
5i19_0,0,0,-44.934785,-44.934785,0.0
5i1a_0,0,0,-43.730294,-45.568542,1.838248
5i1d_1,0,0,-44.989132,-45.543065,0.5539330000000007
5i1e_0,0,0,-43.383014,-43.383014,0.0
5i1g_0,0,0,-43.971718,-43.971718,0.0
5i1h_0,0,0,-44.982347,-44.982347,0.0
5i1i_0,0,0,-45.324031,-45.324031,0.0
5i1j_0,0,0,-45.46748,-45.46748,0.0
5i1k_0,0,0,-44.254561,-44.254561,0.0
5i1l_1,0,0,-45.973407,-46.016994,0.04358699999999516
5i30_0,1,7,-50.108597,-50.108597,0.0
5i8k_0,46,44,-41.461286,-41.461286,0.0
5ibt_0,0,0,-43.434501,-43.434501,0.0
5ibu_0,9,19,-43.952334,-47.045543,3.0932090000000017
5ifa_0,25,1,-41.18348,-41.18348,0.0
5ifh_0,3,3,-45.509409,-45.509409,0.0
5ihz_2,5,3,-35.376974,-41.438563,6.061589000000005
5iie_0,19,26,-46.736646,-46.736646,0.0
5iie_1,19,26,-45.516303,-45.904552,0.38824900000000184
5ik3_1,1,3,-43.25077,-45.178472,1.9277019999999965
5it2_0,3,3,-46.460673,-46.460673,0.0
5itb_0,1,6,-45.85585,-45.85585,0.0
5j74_1,9,8,-43.751454,-43.790573,0.03911899999999946
5jny_1,22,28,-42.960909,-43.145013,0.18410399999999782
5jo5_1,4,2,-44.466287,-45.556254,1.0899670000000015
5jor_2,17,21,-46.720315,-49.360271,2.639955999999998
5jqd_0,6,11,-44.517883,-44.517883,0.0
5jqd_0,6,13,-45.79653,-45.79653,0.0
5jr1_0,22,2,-54.060881,-54.060881,0.0
5jrp_0,5,10,-45.0578,-45.0578,0.0
5jw5_0,10,5,-46.229569,-46.229569,0.0
5jw5_0,12,5,-45.992428,-45.992428,0.0
5k8a_3,16,14,-42.70238,-43.881096,1.1787160000000014
5kg9_0,4,8,-48.569109,-48.569109,0.0
5kg9_0,4,30,-48.132576,-48.132576,0.0
5l7x_0,7,12,-46.830622,-46.830622,0.0
5mhs_2,3,4,-50.628377,-50.628377,0.0
5mhs_2,3,6,-52.198217,-52.198217,0.0
5mvj_1,2,13,-41.740987,-43.712447,1.9714600000000004
5myo_1,2,10,-48.747317,-48.747317,0.0
5n2k_1,16,3,-42.642711,-45.531289,2.8885780000000025
5n4g_0,8,15,-51.585745,-51.585745,0.0
5n4j_0,4,10,-42.896072,-42.896072,0.0
5n7w_0,11,13,-42.864726,-44.548555,1.683829000000003
5nb5_0,21,28,-42.116177,-42.510137,0.39395999999999987
5nbi_0,23,21,-46.965067,-46.965067,0.0
5nhw_0,9,8,-41.883612,-41.883612,0.0
5niv_0,11,12,-47.54351,-47.54351,0.0
5ob5_0,16,15,-44.309554,-44.309554,0.0
5obf_0,6,15,-46.191238,-46.191238,0.0
5od0_0,27,28,-47.085002,-47.085002,0.0
5od8_0,4,5,-44.796014,-44.796014,0.0
5odb_0,2,4,-43.225381,-43.225381,0.0
5opy_0,4,7,-46.497704,-46.497704,0.0
5szf_0,5,5,-46.516194,-47.019177,0.5029830000000004
5tdo_0,14,22,-41.559012,-47.866134,6.307122
5tdp_1,14,22,-37.646686,-48.076702,10.430015999999995
5tf1_0,5,6,-42.014467,-42.014467,0.0
5tfs_0,4,2,-43.369235,-43.369235,0.0
5tgb_1,5,0,-43.815529,-45.428267,1.6127380000000002
5tjd_0,3,1,-49.011446,-49.011446,0.0
5tlj_2,1,0,-48.956827,-48.956827,0.0
5tlj_3,1,6,-48.809146,-48.809146,0.0
5tpl_0,15,21,-44.111994,-44.111994,0.0
5tpp_0,18,21,-40.675355,-40.675355,0.0
5tqa_1,13,24,-40.035517,-42.158388,2.1228710000000035
5tr8_0,9,14,-48.338687,-48.338687,0.0
5trp_0,7,23,-45.459838,-45.459838,0.0
5u0r_0,2,1,-47.18499,-47.18499,0.0
5u0u_1,9,16,-39.355443,-41.423122,2.0676789999999983
5u15_1,1,0,-43.351499,-43.82813,0.4766310000000047
5u3p_0,20,26,-50.341836,-50.341836,0.0
5u4r_1,10,15,-44.103649,-45.084696,0.9810470000000038
5uby_0,10,7,-45.241882,-45.241882,0.0
5ubz_0,6,23,-45.995254,-45.995254,0.0
5uel_0,22,36,-39.624774,-39.624774,0.0
5uix_0,8,16,-47.850943,-47.850943,0.0
5ukn_0,15,11,-41.7228,-41.7228,0.0
5uko_0,17,11,-41.199991,-41.199991,0.0
5ukp_0,17,11,-37.551382,-37.551382,0.0
5ukq_0,21,16,-38.609404,-38.609404,0.0
5ur8_0,12,21,-44.686493,-44.686493,0.0
5v7r_0,9,7,-47.519131,-47.519131,0.0
5v7u_0,10,17,-36.10311,-36.10311,0.0
5vf6_0,37,34,-46.821068,-46.821068,0.0
5vkk_0,18,23,-39.87347,-39.87347,0.0
5vkk_0,18,24,-40.850954,-40.850954,0.0
5vsh_3,17,23,-43.711255,-45.556554,1.8452989999999971
5vsi_0,17,18,-44.042342,-48.010755,3.9684130000000053
5vsi_0,17,37,-50.281378,-50.281378,0.0
5vvf_0,24,36,-45.177589,-45.177589,0.0
5vzr_1,40,20,-47.035719,-47.035719,0.0
5vzr_1,41,20,-46.911,-46.911,0.0
5w05_0,18,10,-43.002631,-43.002631,0.0
5w24_0,8,7,-44.522103,-44.522103,0.0
5w6c_0,0,1,-45.464667,-45.464667,0.0
5waw_0,11,16,-44.004898,-44.004898,0.0
5wca_0,13,5,-41.868664,-41.868664,0.0
5wcc_1,12,9,-46.972534,-46.972534,0.0
5wcc_1,28,9,-45.242866,-45.242866,0.0
5wcd_0,15,17,-46.69543,-46.69543,0.0
5weq_0,5,11,-45.258495,-45.258495,0.0
5whj_0,8,8,-42.639621,-42.639621,0.0
5whz_0,13,27,-42.773827,-42.773827,0.0
5wk2_0,8,2,-43.479096,-43.479096,0.0
5wkz_0,0,0,-43.05743,-43.05743,0.0
5wl2_0,0,0,-44.534617,-44.534617,0.0
5wl2_0,0,2,-44.700501,-44.700501,0.0
5wtg_0,7,8,-49.960329,-50.671501,0.7111719999999977
5wuv_0,14,22,-45.07538,-45.07538,0.0
5x4g_0,0,3,-48.422791,-48.422791,0.0
5xli_1,4,4,-45.079891,-46.888662,1.808770999999993
5xrq_1,10,18,-47.726257,-49.276722,1.5504650000000026
5y0a_0,4,2,-42.55624,-42.560823,0.004582999999996673
5y2k_3,1,13,-43.813124,-46.088765,2.2756410000000002
5y9k_0,2,13,-41.402127,-41.402127,0.0
5yax_0,11,3,-46.161294,-46.161294,0.0
5yfi_0,5,15,-46.759074,-46.759074,0.0
5ysl_1,9,18,-45.526103,-46.487844,0.9617410000000035
5yup_0,11,9,-51.990054,-51.990054,0.0
5zmj_0,7,18,-41.643473,-44.133326,2.4898529999999965
6a0x_2,7,9,-54.946972,-56.257992,1.3110199999999992
6a76_0,4,5,-49.067422,-49.067422,0.0
6a9k_1,6,10,-47.428709,-50.085578,2.6568690000000004
6al4_0,27,12,-44.717152,-45.097949,0.38079700000000116
6amj_0,11,3,-47.702426,-47.702426,0.0
6amj_0,11,4,-48.265005,-48.265005,0.0
6amm_0,11,3,-43.677477,-43.677477,0.0
6ana_0,9,11,-32.795362,-32.795362,0.0
6and_0,15,22,-45.612422,-45.612422,0.0
6ani_1,10,14,-42.730806,-46.036971,3.306165
6anp_1,11,2,-44.753349,-47.855446,3.1020970000000005
6aod_0,3,5,-41.748949,-41.748949,0.0
6apc_0,0,0,-46.467403,-46.467403,0.0
6arp_0,6,7,-47.518538,-47.715432,0.19689400000000035
6awn_0,1,3,-45.625384,-50.754414,5.12903
6azx_0,15,17,-44.280181,-44.782349,0.5021680000000046
6azx_0,16,17,-43.38193,-43.38193,0.0
6b0w_0,3,2,-44.131985,-44.131985,0.0
6b3m_5,5,7,-42.426815,-43.76755,1.3407350000000022
6bae_0,23,23,-42.573779,-47.140955,4.567175999999996
6be2_0,8,8,-37.396074,-37.396074,0.0
6bjz_0,13,16,-46.713353,-47.481465,0.7681120000000021
6bpb_0,5,5,-49.076427,-49.076427,0.0
6bpd_0,15,11,-53.192842,-53.192842,0.0
6bsp_0,2,3,-45.795908,-46.315564,0.5196560000000048
6btj_0,9,12,-47.055109,-48.267027,1.2119179999999972
6c5i_0,3,9,-40.943872,-40.943872,0.0
6c6x_0,13,14,-45.231548,-49.935571,4.7040230000000065
6ca6_1,16,21,-41.369265,-41.762177,0.3929120000000026
6ca7_0,6,6,-43.486008,-43.486008,0.0
6ca9_1,4,0,-41.249699,-42.243521,0.9938220000000015
6cjk_0,30,29,-40.21558,-41.05522,0.8396399999999957
6cnr_0,0,6,-43.960749,-43.960749,0.0
6cr1_0,4,7,-41.875541,-41.875541,0.0
6d9g_1,6,7,-41.869602,-43.768242,1.8986400000000003
6dc4_0,14,26,-43.053363,-43.053363,0.0
6dc7_1,5,9,-44.600566,-45.31166,0.7110940000000028
6dc9_1,22,7,-42.67108,-44.670335,1.999254999999998
6dcv_1,18,22,-44.212825,-44.659265,0.4464399999999955
6dez_1,11,23,-48.137882,-48.137882,0.0
6dez_1,11,25,-44.26387,-44.26387,0.0
6df0_0,14,26,-44.085853,-44.085853,0.0
6dg2_0,5,9,-41.514048,-42.478604,0.9645559999999946
6djp_0,6,9,-48.805115,-48.805115,0.0
6dl8_1,17,10,-41.263469,-41.263469,0.0
6dla_0,7,11,-40.446876,-40.446876,0.0
6dlb_0,6,11,-40.701095,-40.701095,0.0
6dn0_1,14,21,-42.001918,-45.032275,3.030356999999995
6dsi_0,6,10,-42.028433,-42.028433,0.0
6dw2_0,10,8,-47.027513,-47.027513,0.0
6dwc_1,18,18,-41.666537,-41.902604,0.23606699999999847
6dwi_4,20,24,-38.537491,-38.537491,0.0
6dwi_4,20,25,-38.577102,-41.405421,2.8283190000000005
6dwi_4,22,25,-41.811888,-41.811888,0.0
6e64_1,37,22,-42.628057,-43.052487,0.424430000000001
6e65_0,12,12,-45.303756,-45.303756,0.0
6ea5_2,7,6,-48.166764,-48.412222,0.2454579999999993
6ehv_0,6,26,-43.953751,-43.953751,0.0
6ehw_0,16,24,-44.56911,-44.56911,0.0
6ehx_0,16,25,-47.726858,-47.726858,0.0
6ehy_0,11,5,-46.102268,-47.887861,1.7855929999999987
6ele_1,10,16,-45.556108,-46.586715,1.0306069999999963
6eqc_2,19,21,-46.174747,-46.174747,0.0
6ev2_3,1,6,-52.241541,-55.320957,3.079416000000002
6ev2_3,1,26,-55.438144,-55.438144,0.0
6eyn_0,4,14,-46.091795,-46.091795,0.0
6eyn_0,4,17,-45.630522,-45.630522,0.0
6eyn_0,6,17,-43.918337,-43.918337,0.0
6fab_0,10,14,-45.619963,-45.619963,0.0
6fbj_0,8,8,-44.945842,-44.945842,0.0
6ffj_2,1,20,-49.497017,-49.497017,0.0
6ffj_3,1,20,-48.277616,-52.394947,4.117331
6foe_0,14,8,-43.305199,-43.85095,0.5457509999999957
6gc2_0,5,11,-45.328306,-45.328306,0.0
6gfe_0,11,9,-47.054071,-47.935186,0.8811150000000012
6ghg_0,0,0,-41.75818,-42.153838,0.3956579999999974
6gxx_0,1,6,-46.602436,-46.602436,0.0
6h3h_0,1,3,-46.509328,-47.929678,1.4203500000000062
6hgu_1,2,8,-46.635083,-46.635083,0.0
6hkg_0,7,12,-45.124472,-45.909369,0.7848970000000008
6hxw_0,16,16,-44.119829,-45.339557,1.2197279999999964
6i1o_0,2,4,-47.711604,-47.711604,0.0
6ias_0,11,16,-45.565218,-45.565218,0.0
6idh_0,4,8,-43.549691,-43.549691,0.0
6idl_0,6,9,-51.6971,-51.705346,0.008245999999999754
6j9o_0,4,13,-46.457608,-46.457608,0.0
6jc2_0,2,5,-45.698959,-45.698959,0.0
6jfi_0,8,26,-43.352158,-44.201369,0.8492109999999968
6kdh_0,5,8,-42.282732,-42.282732,0.0
6kr0_0,14,24,-43.87828,-43.87828,0.0
6kr0_1,15,24,-44.964926,-44.964926,0.0
6kr0_2,13,24,-47.170351,-47.170351,0.0
6kr0_3,13,24,-50.004471,-50.004471,0.0
6ks2_1,8,9,-41.550956,-44.232074,2.681117999999998
6kvf_0,7,13,-46.602824,-46.602824,0.0
6kx0_0,0,2,-48.955172,-48.955172,0.0
6kz0_0,0,21,-42.792941,-42.792941,0.0
6l8t_1,9,17,-45.581768,-46.02402,0.4422520000000034
6lfv_0,8,10,-49.917343,-49.917343,0.0
6lhp_0,4,7,-48.247103,-48.247103,0.0
6lkt_0,6,13,-44.476742,-44.476742,0.0
6lnt_1,5,7,-39.331905,-39.337735,0.0058300000000031105
6ltg_0,4,8,-43.846264,-45.004954,1.15869
6lun_0,1,5,-42.562075,-44.353214,1.7911390000000011
6me1_0,15,24,-42.872183,-44.259809,1.3876259999999974
6med_0,8,10,-40.839794,-42.075899,1.236105000000002
6mee_1,7,14,-47.214086,-47.214086,0.0
6mee_1,7,31,-45.083473,-45.083473,0.0
6mef_0,11,21,-46.632477,-46.632477,0.0
6meg_0,2,6,-43.62895,-43.62895,0.0
6mfj_1,8,7,-39.347336,-40.155196,0.807859999999998
6mh2_0,13,21,-40.578977,-47.10215,6.523173
6mnf_0,15,31,-42.940713,-46.872558,3.9318449999999956
6mnf_0,15,41,-45.626339,-46.600413,0.9740740000000017
6mtr_0,18,14,-42.06687,-42.06687,0.0
6mts_0,20,14,-42.873362,-42.873362,0.0
6mty_0,11,10,-34.331045,-34.331045,0.0
6mxr_0,13,20,-43.67743,-44.687153,1.009723000000001
6mxs_0,13,20,-43.264664,-44.728528,1.4638639999999938
6my4_1,14,20,-43.792232,-44.34659,0.5543580000000006
6my5_1,14,20,-44.259987,-44.407689,0.14770199999999534
6n7u_0,15,18,-36.446425,-36.446425,0.0
6nb5_0,11,14,-46.158072,-47.320398,1.1623260000000002
6nb8_0,4,19,-48.96108,-48.96108,0.0
6ncp_0,24,24,-42.868596,-42.868596,0.0
6nex_0,13,7,-49.248397,-49.248397,0.0
6nex_1,14,7,-48.769727,-48.769727,0.0
6nis_0,7,14,-32.759711,-32.759711,0.0
6nou_0,11,16,-46.603098,-46.603098,0.0
6nov_0,11,15,-44.932441,-44.932441,0.0
6o3d_0,14,26,-43.794196,-43.794196,0.0
6o3k_0,14,27,-45.350665,-49.553867,4.203201999999997
6o41_1,2,0,-42.351532,-42.583412,0.23188000000000386
6o89_1,11,14,-45.961987,-45.961987,0.0
6o8d_1,12,22,-44.885286,-45.389148,0.503861999999998
6obz_1,12,16,-51.707699,-52.41281,0.7051110000000023
6oc7_0,2,0,-43.02133,-43.02133,0.0
6oed_0,3,8,-42.749772,-46.494039,3.7442670000000007
6ogx_0,10,20,-45.452531,-45.452531,0.0
6okq_2,21,21,-41.142423,-43.091169,1.9487459999999999
6p3b_0,14,8,-43.587817,-43.587817,0.0
6p4c_0,2,10,-49.041184,-49.041184,0.0
6p4y_0,2,3,-47.915624,-47.915624,0.0
6p67_3,3,4,-48.098098,-48.278461,0.18036299999999983
6p79_0,2,6,-45.371457,-45.371457,0.0
6p9i_0,9,17,-44.251262,-44.858152,0.6068899999999999
6p9j_1,11,7,-46.932596,-46.932596,0.0
6p9j_1,27,7,-44.608868,-44.608868,0.0
6pe7_0,11,10,-44.199024,-44.199024,0.0
6pe9_0,11,7,-47.698805,-47.698805,0.0
6phg_0,25,0,-45.08635,-45.08635,0.0
6phh_1,4,7,-51.096891,-51.200311,0.10341999999999985
6pxg_0,7,24,-45.153885,-46.9427,1.7888149999999996
6pzg_0,4,3,-47.664409,-47.664409,0.0
6pzh_0,6,2,-44.322346,-46.190283,1.8679369999999977
6q19_0,1,3,-44.053163,-44.053163,0.0
6q1a_0,1,4,-43.631147,-43.631147,0.0
6q1e_0,0,0,-39.9376,-39.9376,0.0
6q1g_0,11,12,-37.045772,-37.045772,0.0
6q1j_0,4,8,-42.262768,-42.262768,0.0
6q1k_0,1,1,-45.104141,-45.104141,0.0
6qb9_1,1,2,-46.154418,-46.154418,0.0
6qb9_1,1,3,-44.991979,-47.066342,2.074362999999998
6qbc_0,1,3,-44.857697,-44.857697,0.0
6qcu_0,8,20,-45.026251,-45.026251,0.0
6qf9_0,2,3,-43.79224,-45.372327,1.580086999999999
6qf9_1,2,3,-43.41737,-43.41737,0.0
6qn7_1,37,30,-49.598415,-50.880604,1.2821889999999954
6qn8_5,37,29,-43.494911,-46.008193,2.5132819999999967
6qn9_0,33,30,-45.056367,-45.056367,0.0
6qna_1,33,29,-43.330275,-47.094716,3.764440999999998
6qu9_0,13,19,-32.842415,-36.733895,3.8914799999999943
6rco_0,3,5,-38.482662,-39.837279,1.3546170000000046
6rcq_0,3,3,-40.721177,-40.721177,0.0
6rlm_5,3,6,-46.348923,-46.952965,0.6040419999999997
6rnn_0,5,6,-48.453659,-48.734958,0.2812989999999971
6t3j_3,20,15,-42.822699,-43.636103,0.8134039999999985
6tco_1,22,21,-46.344241,-50.068341,3.7241
6tco_1,22,22,-47.353195,-47.353195,0.0
6tcr_0,22,21,-45.973052,-46.045878,0.07282599999999917
6tcs_0,22,22,-50.560345,-50.560345,0.0
6tnp_5,4,8,-46.096851,-46.566098,0.46924699999999575
6tnp_5,4,13,-45.784049,-45.784049,0.0
6u1t_0,1,3,-48.997759,-48.997759,0.0
6u3z_1,14,15,-42.948394,-45.127813,2.179419000000003
6u6m_0,22,21,-44.536295,-44.536295,0.0
6u6o_0,11,20,-46.55899,-46.55899,0.0
6u8c_0,11,16,-43.669747,-43.669747,0.0
6ubi_1,21,32,-43.732345,-43.732345,0.0
6uce_0,10,18,-44.609718,-44.609718,0.0
6ucf_0,13,22,-44.384358,-44.384358,0.0
6uga_1,5,5,-43.878396,-43.90645,0.02805399999999736
6ugt_0,6,11,-49.531901,-51.586714,2.054813000000003
6umj_0,2,6,-42.57324,-45.258128,2.684888000000001
6uqr_0,13,19,-54.713659,-55.360148,0.6464890000000025
6ute_1,10,12,-46.507856,-48.334777,1.8269210000000058
6uup_2,4,17,-45.61228,-45.750136,0.1378559999999993
6uup_2,7,17,-46.045696,-46.045696,0.0
6uy3_0,4,17,-44.139919,-44.139919,0.0
6uyd_0,11,22,-49.001792,-49.77114,0.7693480000000008
6uyd_0,11,23,-47.730436,-47.730436,0.0
6v4q_0,5,6,-41.935413,-41.935413,0.0
6v4r_0,5,10,-50.457782,-50.457782,0.0
6vi2_0,10,16,-41.479126,-42.653698,1.1745719999999977
6vl8_1,5,4,-38.730743,-39.537322,0.8065790000000064
6vor_0,17,19,-43.531706,-43.781133,0.24942699999999718
6vpy_0,6,17,-49.404903,-49.668521,0.263618000000001
6vrt_0,23,24,-45.078317,-45.078317,0.0
6vsr_0,18,20,-48.3506,-48.3506,0.0
6vu2_0,34,37,-42.017946,-42.017946,0.0
6vuo_1,9,24,-43.829421,-43.829421,0.0
6w4v_0,5,3,-46.854798,-46.854798,0.0
6w4w_0,12,16,-44.443863,-44.443863,0.0
6w51_2,16,19,-43.220151,-44.207801,0.9876500000000021
6w5d_1,9,13,-43.310544,-43.578684,0.2681400000000025
6w73_0,4,6,-45.779392,-45.779392,0.0
6w7s_0,2,2,-46.24783,-46.24783,0.0
6w7y_1,1,8,-40.741988,-40.818841,0.07685299999999984
6wg0_0,11,15,-43.961981,-43.961981,0.0
6wgk_0,4,7,-43.523309,-45.651006,2.127697000000005
6wgk_0,5,8,-45.67792,-45.67792,0.0
6wj0_0,14,12,-47.967177,-47.967177,0.0
6wju_0,6,12,-48.032458,-48.032458,0.0
6wju_0,34,11,-47.870533,-47.870533,0.0
6wk4_0,9,11,-49.049375,-49.049375,0.0
6wkl_0,7,7,-47.904841,-47.904841,0.0
6wkm_0,9,9,-44.360493,-44.360493,0.0
6wo3_0,5,25,-43.879319,-43.879319,0.0
6ws6_2,7,6,-44.81487,-47.399135,2.584265000000002
6wt3_0,2,3,-49.039264,-49.039264,0.0
6wx1_0,6,12,-46.73108,-46.73108,0.0
6wyr_0,11,8,-43.40964,-43.40964,0.0
6wyt_0,11,16,-43.683916,-43.683916,0.0
6wzn_0,2,11,-45.283985,-45.283985,0.0
6x5e_0,9,9,-44.350832,-46.539704,2.1888720000000035
6xca_0,3,0,-47.543338,-47.543338,0.0
6xli_0,4,6,-48.26851,-48.26851,0.0
6xrj_2,19,25,-44.878336,-46.954096,2.0757600000000025
6xud_0,0,7,-45.134861,-45.134861,0.0
6xul_5,3,13,-46.234699,-48.708294,2.473595000000003
6y1k_0,3,1,-48.544489,-48.544489,0.0
6yhq_0,11,6,-46.067373,-46.067373,0.0
6z3k_7,2,0,-42.490474,-47.184378,4.693904000000003
6z7x_0,4,7,-45.95202,-45.95202,0.0
6zec_0,6,15,-46.614732,-46.614732,0.0
6ztd_0,3,6,-38.025567,-38.025567,0.0
6ztf_0,8,3,-46.548575,-47.191972,0.6433970000000002
7aj6_0,35,40,-43.187296,-43.187296,0.0
7amp_0,12,13,-45.938234,-45.938234,0.0
7ams_0,12,15,-46.764255,-46.764255,0.0
7aql_0,6,9,-51.584454,-52.408746,0.8242919999999998
7bbg_0,4,0,-45.739021,-45.739021,0.0
7bbj_0,14,14,-49.040608,-49.360348,0.319740000000003
7bg1_0,3,10,-43.656891,-43.656891,0.0
7bm5_0,20,18,-48.638889,-49.985541,1.3466519999999988
7bm5_0,21,19,-49.08468,-49.08468,0.0
7buf_1,8,12,-37.256048,-45.046819,7.7907709999999994
7c95_1,3,5,-48.046389,-48.696799,0.6504100000000008
7cea_0,4,4,-42.100118,-42.100118,0.0
7cvy_1,8,8,-49.625329,-52.262859,2.637529999999998
7cw2_1,2,0,-50.110564,-57.966848,7.856284000000002
7dr4_2,4,9,-44.774369,-44.895433,0.12106399999999695
7dun_0,0,5,-46.076874,-46.076874,0.0
7dwu_0,4,8,-41.906059,-41.907562,0.001502999999999588
7e23_0,2,11,-48.393306,-48.393306,0.0
7e7x_1,7,5,-41.652378,-41.945527,0.29314899999999966
7fab_0,47,25,-44.905087,-44.905087,0.0
7fgk_0,1,6,-34.680843,-34.680843,0.0
7fjn_0,11,14,-48.860768,-48.860768,0.0
7jkm_0,15,6,-45.062343,-45.062343,0.0
7jln_1,5,0,-44.005143,-44.005143,0.0
7jmx_0,3,1,-45.008728,-45.008728,0.0
7jtf_1,12,18,-47.215796,-47.215796,0.0
7jtf_1,19,18,-47.556963,-47.556963,0.0
7jxd_1,0,2,-45.583274,-46.627946,1.0446719999999985
7jxe_0,2,2,-44.648556,-44.648556,0.0
7k3q_0,6,5,-47.859257,-47.859257,0.0
7k8o_0,1,2,-44.640568,-44.640568,0.0
7k8p_0,4,2,-44.867169,-44.867169,0.0
7kba_0,11,20,-45.318507,-45.318507,0.0
7kba_1,11,20,-46.699063,-46.699063,0.0
7ke1_0,7,13,-47.592327,-48.270117,0.6777900000000017
7kfg_0,5,11,-39.387203,-39.387203,0.0
7kgu_1,13,17,-37.806354,-43.535248,5.728894000000004
7khf_0,17,17,-44.435107,-44.789309,0.3542020000000008
7kkh_0,6,2,-41.57571,-41.57571,0.0
7km6_0,0,1,-47.199925,-47.946055,0.7461300000000008
7kpj_1,4,2,-47.357908,-47.575646,0.2177379999999971
7kr5_2,7,5,-48.367418,-48.367418,0.0
7kx4_1,6,8,-37.661701,-38.241371,0.5796700000000001
7kza_0,7,10,-40.670181,-40.670181,0.0
7kzc_0,4,41,-40.710658,-40.710658,0.0
7l0l_1,6,12,-48.042286,-48.321052,0.2787660000000045
7l57_0,5,4,-46.997261,-46.997261,0.0
7lf2_2,15,36,-44.223675,-44.448086,0.22441100000000347
7lk9_3,0,1,-45.952188,-49.82221,3.8700219999999987
7lk9_3,11,1,-46.80419,-46.80419,0.0
7lka_0,1,1,-46.970438,-49.064495,2.0940569999999994
7lsb_0,21,9,-46.743119,-46.743119,0.0
7lsi_0,6,9,-47.881089,-47.881089,0.0
7lsi_0,7,9,-47.462071,-47.462071,0.0
7lu9_0,36,28,-35.805309,-49.901114,14.095804999999999
7lua_0,29,38,-38.052148,-43.032827,4.980678999999995
7lud_0,6,13,-44.3623,-45.721926,1.3596260000000058
7lyv_1,14,14,-40.278096,-40.278096,0.0
7lyv_1,45,14,-39.051879,-40.683179,1.631300000000003
7lyv_2,13,14,-38.40039,-38.40039,0.0
7lyw_1,7,6,-44.734944,-45.211475,0.47653100000000137
7m1c_0,12,17,-44.388848,-44.388848,0.0
7mf7_0,13,27,-40.609542,-42.079548,1.470006000000005
7mf9_1,13,27,-40.58373,-44.9669,4.38317
7mfa_0,13,27,-41.224171,-45.744627,4.520456000000003
7mfb_0,13,27,-43.288592,-43.288592,0.0
7mfg_1,10,5,-43.582301,-43.728379,0.1460779999999957
7mu4_0,10,9,-46.923139,-46.923139,0.0
7mx8_0,0,6,-48.94541,-48.94541,0.0
7n04_0,24,31,-48.793553,-48.793553,0.0
7n07_0,2,5,-42.706192,-43.447955,0.7417629999999988
7n3e_0,1,0,-45.998691,-45.998691,0.0
7n3f_0,8,8,-58.219945,-58.219945,0.0
7n3g_0,0,0,-43.585854,-43.585854,0.0
7n3h_0,6,7,-40.0019,-40.0019,0.0
7n6p_1,14,17,-42.62938,-43.238589,0.6092089999999999
7nfa_1,16,11,-43.292659,-43.959073,0.6664139999999961
7niu_1,10,17,-45.204918,-56.402933,11.198014999999998
7nx2_0,0,1,-43.826114,-45.694398,1.8682840000000027
7o4y_0,7,0,-46.031709,-46.031709,0.0
7oo2_1,4,0,-41.357462,-41.889889,0.5324269999999984
7pg8_3,11,15,-45.885868,-48.754113,2.8682449999999946
7phs_0,22,12,-44.871246,-44.871246,0.0
7ra7_2,31,36,-38.51276,-39.214811,0.7020509999999973
7ral_0,13,18,-45.72194,-45.725209,0.003269000000003075
7rdj_0,6,7,-45.340241,-45.39835,0.05810900000000174
7rdl_0,10,9,-41.201462,-41.201462,0.0
7rdl_0,10,10,-41.505961,-41.505961,0.0
7rdm_0,19,27,-47.296108,-47.296108,0.0
7re9_0,8,15,-43.41608,-51.01774,7.6016600000000025
7rku_2,3,3,-46.317821,-46.728545,0.41072399999999476
7rpt_0,6,12,-42.093941,-43.455464,1.3615229999999983
7rqp_0,8,11,-42.481213,-42.481213,0.0
7ryu_0,21,14,-56.92297,-56.92297,0.0
7ryv_3,23,19,-41.750182,-43.247006,1.4968239999999966
7s8g_0,14,14,-45.912138,-46.704352,0.7922140000000013
7sd2_2,1,4,-42.723166,-45.102511,2.3793450000000007
7sen_0,13,17,-46.020604,-46.020604,0.0
7sfx_2,9,13,-36.159657,-36.159657,0.0
7sjo_2,15,22,-45.369657,-47.496733,2.1270760000000024
7sl5_3,4,24,-45.813409,-45.813409,0.0
7sn1_0,3,2,-44.997422,-44.997422,0.0
7t0i_3,3,3,-39.810517,-45.924583,6.114066000000001
7t62_0,2,13,-47.18951,-47.18951,0.0
7tat_2,3,9,-51.650754,-51.938463,0.28770899999999955
7te4_0,2,16,-39.006159,-39.475641,0.4694820000000064
7tqa_0,0,5,-45.958928,-46.412411,0.4534829999999985
7tuh_1,3,4,-48.775392,-48.775392,0.0
7tuh_1,3,7,-45.87828,-45.87828,0.0
7tus_3,28,15,-47.227701,-49.750008,2.522306999999998
7u04_0,20,26,-51.334353,-51.334353,0.0
7u0b_0,8,7,-45.498218,-45.498218,0.0
7u0c_0,8,12,-47.192255,-47.192255,0.0
7u0k_0,7,15,-43.414069,-43.414069,0.0
7uce_0,41,22,-45.022662,-45.022662,0.0
7uel_0,7,6,-46.613674,-46.613674,0.0
7v3i_1,11,4,-45.252513,-57.52609,12.273577000000003
7v3q_1,4,14,-46.119189,-47.561077,1.4418879999999987
7ven_0,3,5,-44.722784,-44.722784,0.0
7vsu_1,0,0,-45.571598,-46.738964,1.1673660000000012
7vsw_2,0,0,-45.046163,-46.699376,1.653213000000001
7wc0_0,1,0,-41.656479,-42.070702,0.4142229999999998
7wpv_0,14,1,-46.157854,-46.157854,0.0
7ws7_1,3,2,-50.088357,-50.363403,0.2750459999999961
7x08_2,3,7,-45.850373,-45.853987,0.003613999999998896
7xq8_0,30,40,-45.562638,-46.714785,1.1521469999999994
7zff_0,8,8,-49.530314,-49.530314,0.0
8fab_0,16,13,-47.14801,-48.822663,1.6746529999999993
